dir,entry,stop,risk_pct,r,reason,tp1,entry_time,exit_time,params,symbol
-1,144.786,151.60264986551053,0.04708086324306582,0.8837910252708671,trail,True,2024-04-26 00:00:00+00:00,2024-04-27 20:00:00+00:00,"pullback|adx_min=15,of_min=0.0,tp1_r=1.5,trail_atr=2.5",SOLUSDT
-1,3110.35,3286.6514485657676,0.05668218964610662,-1.016796237737045,stop,False,2024-04-25 12:00:00+00:00,2024-04-28 00:00:00+00:00,"pullback|adx_min=15,of_min=0.0,tp1_r=1.5,trail_atr=2.5",ETHUSDT
1,598.67,580.7788737894057,0.02988478829838522,-0.9356890424446234,stop,False,2024-04-28 04:00:00+00:00,2024-04-29 04:00:00+00:00,"pullback|adx_min=15,of_min=0.0,tp1_r=0,trail_atr=3.5",BNBUSDT
-1,0.4676,0.4805486645369884,0.027691754783978607,1.4992912682108333,trail,True,2024-04-28 12:00:00+00:00,2024-05-01 16:00:00+00:00,"pullback|adx_min=15,of_min=0.0,tp1_r=1.5,trail_atr=2.5",ADAUSDT
-1,14.525,15.677318221177135,0.07933344035642922,1.0205613471676345,trail,True,2024-04-25 00:00:00+00:00,2024-05-01 16:00:00+00:00,"pullback|adx_min=22,of_min=0.0,tp1_r=1.0,trail_atr=2.5",LINKUSDT
-1,141.169,145.64525476167648,0.03170848246907233,2.046346832469574,trail,True,2024-04-28 12:00:00+00:00,2024-05-01 16:00:00+00:00,"pullback|adx_min=15,of_min=0.0,tp1_r=1.5,trail_atr=2.5",SOLUSDT
-1,36.352,39.77610406422393,0.09419300352728689,1.0372192936496607,trail,True,2024-04-25 00:00:00+00:00,2024-05-03 00:00:00+00:00,"pullback|adx_min=15,of_min=0.0,tp1_r=1.5,trail_atr=3.5",AVAXUSDT
-1,0.13543,0.14691980593232593,0.08483944423189789,-0.016813170016779712,trail,True,2024-04-30 12:00:00+00:00,2024-05-03 00:00:00+00:00,"pullback|adx_min=15,of_min=0.0,tp1_r=0,trail_atr=3.5",DOGEUSDT
-1,2967.83,3052.9771690626503,0.028690042577455714,-1.0482924703253294,stop,False,2024-05-03 08:00:00+00:00,2024-05-03 12:00:00+00:00,"pullback|adx_min=15,of_min=0.0,tp1_r=1.5,trail_atr=2.5",ETHUSDT
-1,3088.29,3236.765924037571,0.0480770666088907,1.1632425960701813,trail,True,2024-05-06 16:00:00+00:00,2024-05-13 08:00:00+00:00,"pullback|adx_min=15,of_min=0.0,tp1_r=1.5,trail_atr=2.5",ETHUSDT
-1,0.14326,0.15343394465094914,0.0710173436475579,-1.0139531006041416,stop,False,2024-05-11 12:00:00+00:00,2024-05-13 12:00:00+00:00,"pullback|adx_min=15,of_min=0.0,tp1_r=0,trail_atr=3.5",DOGEUSDT
-1,143.364,148.5799096931398,0.03638228351008477,-1.033943103052197,stop,False,2024-05-13 00:00:00+00:00,2024-05-13 16:00:00+00:00,"pullback|adx_min=15,of_min=0.0,tp1_r=1.5,trail_atr=2.5",SOLUSDT
-1,13.992,14.839673338785628,0.06058271432144278,0.795558234013945,trail,True,2024-05-08 00:00:00+00:00,2024-05-15 12:00:00+00:00,"pullback|adx_min=22,of_min=0.0,tp1_r=1.0,trail_atr=2.5",LINKUSDT
-1,62296.0,64657.499952949045,0.03790773007815983,-0.9999895908052399,stop,False,2024-05-08 00:00:00+00:00,2024-05-15 12:00:00+00:00,"pullback|adx_min=22,of_min=0.06,tp1_r=1.0,trail_atr=2.5",BTCUSDT
-1,2918.75,3007.492758953127,0.030404371375803724,-1.0347553003777612,stop,False,2024-05-14 08:00:00+00:00,2024-05-15 16:00:00+00:00,"pullback|adx_min=15,of_min=0.0,tp1_r=1.5,trail_atr=2.5",ETHUSDT
-1,0.4537,0.47856741338488085,0.05481025652387228,-1.001794685626474,stop,False,2024-05-07 00:00:00+00:00,2024-05-17 04:00:00+00:00,"pullback|adx_min=15,of_min=0.0,tp1_r=1.5,trail_atr=2.5",ADAUSDT
-1,35.294,38.00792345421128,0.07689475418516697,-0.9821062738719861,stop,False,2024-05-08 00:00:00+00:00,2024-05-20 16:00:00+00:00,"pullback|adx_min=15,of_min=0.0,tp1_r=1.5,trail_atr=3.5",AVAXUSDT
1,177.93,165.15766971651215,0.07178289374185276,-1.0336761566491612,stop,False,2024-05-20 08:00:00+00:00,2024-05-23 20:00:00+00:00,"pullback|adx_min=15,of_min=0.0,tp1_r=1.5,trail_atr=2.5",SOLUSDT
1,69359.2,68427.68638286283,0.01343028202656851,-1.1184337603212497,stop,False,2024-05-26 08:00:00+00:00,2024-05-26 20:00:00+00:00,"pullback|adx_min=22,of_min=0.06,tp1_r=1.0,trail_atr=2.5",BTCUSDT
1,70421.4,67940.63426999461,0.035227441232429116,-1.041880441483191,stop,False,2024-05-27 16:00:00+00:00,2024-05-28 00:00:00+00:00,"pullback|adx_min=22,of_min=0.06,tp1_r=1.0,trail_atr=2.5",BTCUSDT
1,172.451,163.97140193574464,0.04917105765843838,-1.0366652731401989,stop,False,2024-05-29 04:00:00+00:00,2024-05-30 08:00:00+00:00,"pullback|adx_min=15,of_min=0.0,tp1_r=1.5,trail_atr=2.5",SOLUSDT
1,17.768,16.794101936542038,0.05481191262145219,0.6486794037925195,trail,True,2024-05-26 04:00:00+00:00,2024-05-30 08:00:00+00:00,"pullback|adx_min=22,of_min=0.0,tp1_r=1.0,trail_atr=2.5",LINKUSDT
1,168.844,162.73087366991274,0.03620576585538873,-1.0615856593893698,stop,False,2024-05-31 12:00:00+00:00,2024-06-02 16:00:00+00:00,"pullback|adx_min=15,of_min=0.0,tp1_r=1.5,trail_atr=2.5",SOLUSDT
1,18.528,17.353137787449853,0.06341009350983083,-1.0461919037241127,stop,False,2024-06-01 08:00:00+00:00,2024-06-06 04:00:00+00:00,"pullback|adx_min=22,of_min=0.0,tp1_r=1.0,trail_atr=2.5",LINKUSDT
1,0.16664,0.14832416935804676,0.10991256986289753,-1.0638748708164425,stop,False,2024-05-24 16:00:00+00:00,2024-06-07 16:00:00+00:00,"pullback|adx_min=15,of_min=0.0,tp1_r=0,trail_atr=3.5",DOGEUSDT
1,3745.29,3495.5388898586652,0.066684051206004,-0.361821137618415,time,False,2024-05-24 20:00:00+00:00,2024-06-08 20:00:00+00:00,"pullback|adx_min=15,of_min=0.0,tp1_r=1.5,trail_atr=2.5",ETHUSDT
1,694.71,653.917075680661,0.05871935673783164,-1.0231422230381486,stop,False,2024-06-08 08:00:00+00:00,2024-06-10 04:00:00+00:00,"pullback|adx_min=15,of_min=0.0,tp1_r=0,trail_atr=3.5",BNBUSDT
-1,0.4313,0.44686477186701884,0.03608804049853657,1.2843856255838084,trail,True,2024-06-13 04:00:00+00:00,2024-06-16 04:00:00+00:00,"pullback|adx_min=15,of_min=0.0,tp1_r=1.5,trail_atr=2.5",ADAUSDT
-1,0.4122,0.4207335500783285,0.02070245045688625,0.7018465393984377,trail,True,2024-06-17 04:00:00+00:00,2024-06-17 16:00:00+00:00,"pullback|adx_min=15,of_min=0.0,tp1_r=1.5,trail_atr=2.5",ADAUSDT
-1,14.79,15.290669745673757,0.03385190978186327,0.4690493146243951,trail,True,2024-06-17 04:00:00+00:00,2024-06-17 16:00:00+00:00,"pullback|adx_min=22,of_min=0.0,tp1_r=1.0,trail_atr=2.5",LINKUSDT
-1,147.301,152.50293098339378,0.03531497398791451,1.6218198522168916,trail,True,2024-06-17 04:00:00+00:00,2024-06-18 08:00:00+00:00,"pullback|adx_min=15,of_min=0.0,tp1_r=1.5,trail_atr=2.5",SOLUSDT
-1,0.14284,0.15179110431895854,0.06266525006271732,1.816993270608599,trail,True,2024-06-13 04:00:00+00:00,2024-06-19 00:00:00+00:00,"pullback|adx_min=15,of_min=0.0,tp1_r=0,trail_atr=3.5",DOGEUSDT
-1,32.507,34.221091951478265,0.05272993359824858,2.2114830661694285,trail,True,2024-06-13 04:00:00+00:00,2024-06-19 16:00:00+00:00,"pullback|adx_min=15,of_min=0.0,tp1_r=1.5,trail_atr=3.5",AVAXUSDT
-1,137.892,142.9802991038682,0.03690061137606384,1.5795085830268525,trail,True,2024-06-19 12:00:00+00:00,2024-06-24 12:00:00+00:00,"pullback|adx_min=15,of_min=0.0,tp1_r=1.5,trail_atr=2.5",SOLUSDT
-1,64310.7,64710.61041968884,0.006218411861305255,4.020548961191362,trail,True,2024-06-23 12:00:00+00:00,2024-06-25 00:00:00+00:00,"pullback|adx_min=15,of_min=0.0,tp1_r=1.0,trail_atr=3.5",BTCUSDT
-1,0.12257,0.12960927255737686,0.05743063194400642,-0.013826767582397667,trail,True,2024-06-20 16:00:00+00:00,2024-06-25 00:00:00+00:00,"pullback|adx_min=15,of_min=0.0,tp1_r=0,trail_atr=3.5",DOGEUSDT
-1,0.3685,0.390298518104934,0.0591547302711913,-1.0209857826330826,stop,False,2024-06-24 20:00:00+00:00,2024-06-25 04:00:00+00:00,"pullback|adx_min=15,of_min=0.0,tp1_r=1.0,trail_atr=2.5",ADAUSDT
-1,27.299,29.09952573799465,0.06595573969722886,1.0610358775956585,trail,True,2024-06-20 16:00:00+00:00,2024-06-26 08:00:00+00:00,"pullback|adx_min=15,of_min=0.0,tp1_r=1.5,trail_atr=3.5",AVAXUSDT
-1,0.4732,0.48177870625828323,0.01812913410457147,0.4493306143971924,trail,True,2024-06-26 08:00:00+00:00,2024-06-27 12:00:00+00:00,"pullback|adx_min=22,of_min=0.0,tp1_r=1.0,trail_atr=2.5",XRPUSDT
-1,0.12119,0.12795114127844479,0.055789597148649055,-1.020416937497668,stop,False,2024-06-27 08:00:00+00:00,2024-06-27 20:00:00+00:00,"pullback|adx_min=22,of_min=0.0,tp1_r=1.0,trail_atr=2.5",DOGEUSDT
-1,0.3834,0.40018863608024824,0.04378882650038659,-0.9788172487006113,stop,False,2024-06-19 16:00:00+00:00,2024-06-29 00:00:00+00:00,"pullback|adx_min=15,of_min=0.0,tp1_r=1.5,trail_atr=2.5",ADAUSDT
-1,0.3817,0.3980704932581577,0.042888376364049526,-1.0193530726462887,stop,False,2024-06-27 04:00:00+00:00,2024-06-29 00:00:00+00:00,"pullback|adx_min=15,of_min=0.0,tp1_r=1.0,trail_atr=2.5",ADAUSDT
-1,61427.3,62684.80196408569,0.020471385916126614,0.490330265756338,trail,True,2024-06-26 12:00:00+00:00,2024-06-30 04:00:00+00:00,"pullback|adx_min=15,of_min=0.0,tp1_r=1.0,trail_atr=3.5",BTCUSDT
-1,138.275,143.95542326000236,0.04108062382934266,-1.0299108514462938,stop,False,2024-06-30 04:00:00+00:00,2024-06-30 12:00:00+00:00,"pullback|adx_min=22,of_min=0.0,tp1_r=1.0,trail_atr=2.5",SOLUSDT
-1,0.4724,0.4779482712187037,0.011744858634004478,-1.0987377913333307,stop,False,2024-06-30 00:00:00+00:00,2024-06-30 20:00:00+00:00,"pullback|adx_min=22,of_min=0.0,tp1_r=1.0,trail_atr=2.5",XRPUSDT
-1,0.3875,0.4056782727480261,0.04691167160780924,-1.0220780486950942,stop,False,2024-06-29 20:00:00+00:00,2024-07-01 16:00:00+00:00,"pullback|adx_min=15,of_min=0.0,tp1_r=1.0,trail_atr=2.5",ADAUSDT
-1,13.727,15.059878134104096,0.09709901173629314,-0.4833758025770729,time,False,2024-06-18 04:00:00+00:00,2024-07-03 04:00:00+00:00,"pullback|adx_min=22,of_min=0.0,tp1_r=1.0,trail_atr=2.5",LINKUSDT
-1,0.4593,0.48199670296396413,0.04941585666005692,1.555963430531783,trail,True,2024-07-04 04:00:00+00:00,2024-07-05 08:00:00+00:00,"pullback|adx_min=22,of_min=0.0,tp1_r=1.0,trail_atr=2.5",XRPUSDT
-1,539.89,553.1317107230175,0.024526682700212063,2.3967002080601096,trail,True,2024-07-04 04:00:00+00:00,2024-07-05 12:00:00+00:00,"breakout|n=20,tp1_r=1.0,trail_atr=2.5,vol_mult=1.2",BNBUSDT
-1,13.733,14.680644327508093,0.06900490260744864,1.3126591462935426,trail,True,2024-07-03 20:00:00+00:00,2024-07-05 12:00:00+00:00,"pullback|adx_min=22,of_min=0.0,tp1_r=1.0,trail_atr=2.5",LINKUSDT
-1,0.12323,0.12923674073289199,0.0487441429269819,2.3666235501083794,trail,True,2024-06-28 20:00:00+00:00,2024-07-05 12:00:00+00:00,"pullback|adx_min=22,of_min=0.0,tp1_r=1.0,trail_atr=2.5",DOGEUSDT
-1,61945.0,64023.675278465045,0.033556788739447015,1.5780486085606886,trail,True,2024-07-02 16:00:00+00:00,2024-07-06 12:00:00+00:00,"pullback|adx_min=15,of_min=0.0,tp1_r=1.0,trail_atr=3.5",BTCUSDT
-1,3414.68,3508.7778147312424,0.027556847122202546,3.951620960072308,trail,True,2024-07-02 16:00:00+00:00,2024-07-06 16:00:00+00:00,"pullback|adx_min=15,of_min=0.0,tp1_r=0,trail_atr=3.5",ETHUSDT
-1,3049.54,3099.537709149603,0.016395164237754875,-0.06356241860545477,trail,True,2024-07-07 04:00:00+00:00,2024-07-08 08:00:00+00:00,"pullback|adx_min=15,of_min=0.0,tp1_r=0,trail_atr=3.5",ETHUSDT
-1,12.77,13.37866626858231,0.0476637641802905,0.4793266721475298,trail,True,2024-07-07 08:00:00+00:00,2024-07-08 08:00:00+00:00,"pullback|adx_min=22,of_min=0.0,tp1_r=1.0,trail_atr=2.5",LINKUSDT
-1,57344.5,58736.00815127918,0.0242657648297427,0.46015215550379673,trail,True,2024-07-07 08:00:00+00:00,2024-07-08 08:00:00+00:00,"pullback|adx_min=15,of_min=0.0,tp1_r=1.0,trail_atr=3.5",BTCUSDT
-1,0.10995,0.11505968787629077,0.046472831980816406,0.6452643598539658,trail,True,2024-07-07 08:00:00+00:00,2024-07-08 08:00:00+00:00,"pullback|adx_min=22,of_min=0.0,tp1_r=1.0,trail_atr=2.5",DOGEUSDT
-1,0.3651,0.3759795904862559,0.029798933131350094,0.7774314730052689,trail,True,2024-07-07 08:00:00+00:00,2024-07-08 08:00:00+00:00,"pullback|adx_min=15,of_min=0.0,tp1_r=1.0,trail_atr=2.5",ADAUSDT
-1,0.4368,0.4519765493488026,0.03474484741026232,0.7237424861185587,trail,True,2024-07-07 08:00:00+00:00,2024-07-08 08:00:00+00:00,"pullback|adx_min=22,of_min=0.0,tp1_r=1.0,trail_atr=2.5",XRPUSDT
-1,131.6,144.54865678548336,0.09839404852191007,-1.0106666597190748,stop,False,2024-07-08 00:00:00+00:00,2024-07-10 04:00:00+00:00,"pullback|adx_min=22,of_min=0.0,tp1_r=1.0,trail_atr=2.5",SOLUSDT
-1,0.4315,0.44602785071121964,0.033668251937936614,-1.0359079461144916,stop,False,2024-07-09 16:00:00+00:00,2024-07-11 04:00:00+00:00,"pullback|adx_min=22,of_min=0.0,tp1_r=1.0,trail_atr=2.5",XRPUSDT
-1,0.10789,0.11123393888433529,0.030993965004498008,-1.0439910084206805,stop,False,2024-07-10 20:00:00+00:00,2024-07-11 12:00:00+00:00,"pullback|adx_min=22,of_min=0.0,tp1_r=1.0,trail_atr=2.5",DOGEUSDT
-1,57374.8,59716.30557356863,0.04081069691865811,-1.0301040555688568,stop,False,2024-07-10 20:00:00+00:00,2024-07-11 12:00:00+00:00,"pullback|adx_min=15,of_min=0.0,tp1_r=1.0,trail_atr=3.5",BTCUSDT
-1,56887.6,60047.897059160336,0.05555335537376049,-1.0178557594242126,stop,False,2024-07-12 04:00:00+00:00,2024-07-14 04:00:00+00:00,"pullback|adx_min=15,of_min=0.0,tp1_r=1.0,trail_atr=3.5",BTCUSDT
-1,12.866,13.63406284132793,0.05969709632581459,-1.0041462312685565,stop,False,2024-07-09 16:00:00+00:00,2024-07-15 00:00:00+00:00,"pullback|adx_min=22,of_min=0.0,tp1_r=1.0,trail_atr=2.5",LINKUSDT
-1,25.855,27.815600140044968,0.07583059911216272,-1.0149827567325165,stop,False,2024-07-07 16:00:00+00:00,2024-07-15 20:00:00+00:00,"pullback|adx_min=22,of_min=0.0,tp1_r=1.0,trail_atr=2.5",AVAXUSDT
1,177.677,169.2347098207292,0.047514817220410066,-1.0319658101787517,stop,False,2024-07-24 12:00:00+00:00,2024-07-25 00:00:00+00:00,"pullback|adx_min=22,of_min=0.0,tp1_r=1.0,trail_atr=2.5",SOLUSDT
1,0.5799,0.533713999296786,0.07964476755167096,0.5911696281745312,trail,True,2024-07-19 20:00:00+00:00,2024-07-25 20:00:00+00:00,"pullback|adx_min=22,of_min=0.0,tp1_r=1.0,trail_atr=2.5",XRPUSDT
1,65773.0,63200.57384441033,0.03911067087695052,0.6189267330968125,trail,True,2024-07-26 00:00:00+00:00,2024-07-29 16:00:00+00:00,"pullback|adx_min=15,of_min=0.0,tp1_r=1.0,trail_atr=3.5",BTCUSDT
1,0.61,0.5926688584969111,0.02841170738211295,-1.0510001664224082,stop,False,2024-07-29 08:00:00+00:00,2024-07-29 16:00:00+00:00,"pullback|adx_min=22,of_min=0.0,tp1_r=1.0,trail_atr=2.5",XRPUSDT
1,175.689,163.97324916294357,0.06668460084044203,0.7930302531544265,trail,True,2024-07-26 04:00:00+00:00,2024-07-29 20:00:00+00:00,"pullback|adx_min=22,of_min=0.0,tp1_r=1.0,trail_atr=2.5",SOLUSDT
1,0.6295,0.5891782114279045,0.06405367525352733,-1.0301594314405271,stop,False,2024-07-30 12:00:00+00:00,2024-08-01 12:00:00+00:00,"pullback|adx_min=22,of_min=0.0,tp1_r=1.0,trail_atr=2.5",XRPUSDT
-1,543.15,559.6649095385276,0.03040579865327737,0.4622782669446164,trail,True,2024-08-03 00:00:00+00:00,2024-08-03 04:00:00+00:00,"breakout|n=20,tp1_r=1.0,trail_atr=2.5,vol_mult=1.2",BNBUSDT
-1,501.94,518.7887352414834,0.03356722963199474,2.1334295451256713,trail,True,2024-08-04 16:00:00+00:00,2024-08-05 08:00:00+00:00,"breakout|n=20,tp1_r=1.0,trail_atr=2.5,vol_mult=1.2",BNBUSDT
-1,0.3879,0.4095524081845133,0.0558195622183894,2.2128853553383503,trail,True,2024-08-01 00:00:00+00:00,2024-08-05 12:00:00+00:00,"pullback|adx_min=15,of_min=0.0,tp1_r=1.0,trail_atr=2.5",ADAUSDT
-1,3231.49,3362.7557123266247,0.04062080103191559,5.444203899507169,trail,True,2024-08-01 00:00:00+00:00,2024-08-05 16:00:00+00:00,"pullback|adx_min=15,of_min=0.0,tp1_r=0,trail_atr=3.5",ETHUSDT
-1,0.3237,0.33851150950340053,0.045756903007107025,-1.030141677899196,stop,False,2024-08-06 12:00:00+00:00,2024-08-07 00:00:00+00:00,"pullback|adx_min=15,of_min=0.0,tp1_r=1.0,trail_atr=2.5",ADAUSDT
-1,55991.3,57577.11402911629,0.02832250776667599,-1.052552399939243,stop,False,2024-08-07 00:00:00+00:00,2024-08-07 08:00:00+00:00,"pullback|adx_min=15,of_min=0.0,tp1_r=1.0,trail_atr=3.5",BTCUSDT
-1,20.875,21.68988625199505,0.03903646716143944,0.4554329200414328,trail,True,2024-08-07 00:00:00+00:00,2024-08-08 00:00:00+00:00,"pullback|adx_min=22,of_min=0.0,tp1_r=1.0,trail_atr=2.5",AVAXUSDT
-1,10.128,10.603001884879559,0.04689987015003542,0.4756638982297027,trail,True,2024-08-07 12:00:00+00:00,2024-08-08 12:00:00+00:00,"pullback|adx_min=22,of_min=0.0,tp1_r=1.0,trail_atr=2.5",LINKUSDT
-1,0.09591,0.10279833285194248,0.07182079920699079,-1.0170036336678085,stop,False,2024-08-06 12:00:00+00:00,2024-08-08 12:00:00+00:00,"pullback|adx_min=22,of_min=0.0,tp1_r=1.0,trail_atr=2.5",DOGEUSDT
-1,2471.83,2585.70463838537,0.046068960399934446,-0.0332924812430146,trail,True,2024-08-07 12:00:00+00:00,2024-08-08 12:00:00+00:00,"pullback|adx_min=15,of_min=0.0,tp1_r=0,trail_atr=3.5",ETHUSDT
-1,56067.4,58150.174299328326,0.03714768830600892,-1.0365380308630041,stop,False,2024-08-07 16:00:00+00:00,2024-08-08 12:00:00+00:00,"pullback|adx_min=15,of_min=0.0,tp1_r=1.0,trail_atr=3.5",BTCUSDT
-1,0.3238,0.3444473493008997,0.0637657483041993,-1.020165465912493,stop,False,2024-08-07 16:00:00+00:00,2024-08-08 16:00:00+00:00,"pullback|adx_min=15,of_min=0.0,tp1_r=1.0,trail_atr=2.5",ADAUSDT
-1,2557.33,2748.103638506871,0.07459875671378785,-1.0163255955373656,stop,False,2024-08-09 16:00:00+00:00,2024-08-12 20:00:00+00:00,"pullback|adx_min=15,of_min=0.0,tp1_r=0,trail_atr=3.5",ETHUSDT
-1,0.3401,0.35829585797340147,0.05350149360012188,0.5149125671838684,trail,True,2024-08-11 16:00:00+00:00,2024-08-16 08:00:00+00:00,"pullback|adx_min=15,of_min=0.0,tp1_r=1.0,trail_atr=2.5",ADAUSDT
-1,59598.1,62278.951508168255,0.044982163997984104,0.4710903907678056,trail,True,2024-08-11 20:00:00+00:00,2024-08-16 16:00:00+00:00,"pullback|adx_min=15,of_min=0.0,tp1_r=1.0,trail_atr=3.5",BTCUSDT
-1,21.284,22.521880989125936,0.058160166750889745,0.6304553057970349,trail,True,2024-08-11 16:00:00+00:00,2024-08-18 00:00:00+00:00,"pullback|adx_min=22,of_min=0.0,tp1_r=1.0,trail_atr=2.5",AVAXUSDT
-1,58390.1,60483.269472987085,0.03584802000659507,-1.0429235314452938,stop,False,2024-08-19 00:00:00+00:00,2024-08-20 00:00:00+00:00,"pullback|adx_min=15,of_min=0.0,tp1_r=1.0,trail_atr=3.5",BTCUSDT
-1,0.3284,0.3472444378026512,0.05738257552573434,-1.0155444016706432,stop,False,2024-08-17 04:00:00+00:00,2024-08-20 16:00:00+00:00,"pullback|adx_min=15,of_min=0.0,tp1_r=1.0,trail_atr=2.5",ADAUSDT
-1,10.172,10.928029273996785,0.07432454522186238,-1.0342945546998858,stop,False,2024-08-09 16:00:00+00:00,2024-08-21 16:00:00+00:00,"pullback|adx_min=22,of_min=0.0,tp1_r=1.0,trail_atr=2.5",LINKUSDT
-1,58783.7,61632.16959956954,0.04845679328741716,-1.0311933508751947,stop,False,2024-08-20 16:00:00+00:00,2024-08-21 20:00:00+00:00,"pullback|adx_min=15,of_min=0.0,tp1_r=1.0,trail_atr=3.5",BTCUSDT
-1,0.10293,0.11171386874018341,0.08533827591745279,-1.0058519672183834,stop,False,2024-08-11 20:00:00+00:00,2024-08-23 12:00:00+00:00,"pullback|adx_min=22,of_min=0.0,tp1_r=1.0,trail_atr=2.5",DOGEUSDT
-1,141.493,156.26281485245957,0.1043854809245657,-1.0113547384765493,stop,False,2024-08-12 00:00:00+00:00,2024-08-24 08:00:00+00:00,"pullback|adx_min=22,of_min=0.0,tp1_r=1.0,trail_atr=2.5",SOLUSDT
-1,2613.83,2805.093666129665,0.07317372060526703,-1.0173462766950285,stop,False,2024-08-15 08:00:00+00:00,2024-08-24 16:00:00+00:00,"pullback|adx_min=15,of_min=0.0,tp1_r=0,trail_atr=3.5",ETHUSDT
-1,59236.9,61432.792826375284,0.03706967829807573,1.0434804255598624,trail,True,2024-08-29 20:00:00+00:00,2024-09-04 12:00:00+00:00,"pullback|adx_min=15,of_min=0.06,tp1_r=1.5,trail_atr=2.5",BTCUSDT
-1,4.218,4.429346187585593,0.050105781788903056,1.0155842134410031,trail,True,2024-08-29 20:00:00+00:00,2024-09-04 12:00:00+00:00,"pullback|adx_min=15,of_min=0.06,tp1_r=1.5,trail_atr=2.5",DOTUSDT
-1,10.538,11.437923940455129,0.08539798258257053,0.8479674254065022,trail,True,2024-08-30 16:00:00+00:00,2024-09-07 04:00:00+00:00,"pullback|adx_min=15,of_min=0.0,tp1_r=1.0,trail_atr=2.5",LINKUSDT
-1,0.09575,0.10133301131753154,0.058308212193540904,0.15086103870538153,trail,True,2024-09-04 04:00:00+00:00,2024-09-07 08:00:00+00:00,"pullback|adx_min=22,of_min=0.0,tp1_r=0,trail_atr=2.5",DOGEUSDT
-1,498.88,514.4599435607508,0.031229841967508918,0.550632565476461,trail,True,2024-09-04 12:00:00+00:00,2024-09-07 12:00:00+00:00,"breakout|n=20,tp1_r=1.0,trail_atr=2.5,vol_mult=1.2",BNBUSDT
-1,22.879,24.872432319575747,0.08712934654380636,0.6474115577281876,trail,True,2024-08-30 00:00:00+00:00,2024-09-08 00:00:00+00:00,"pullback|adx_min=15,of_min=0.0,tp1_r=1.0,trail_atr=3.5",AVAXUSDT
-1,55766.3,57548.14300075002,0.03195196742028812,1.0163470177125649,trail,True,2024-09-06 08:00:00+00:00,2024-09-08 08:00:00+00:00,"pullback|adx_min=15,of_min=0.06,tp1_r=1.5,trail_atr=2.5",BTCUSDT
-1,2244.68,2321.667175835858,0.03429761740464482,-1.0412955312747598,stop,False,2024-09-08 16:00:00+00:00,2024-09-08 20:00:00+00:00,"pullback|adx_min=15,of_min=0.06,tp1_r=0,trail_atr=2.5",ETHUSDT
-1,0.09433,0.09746178110426303,0.03320026613233361,-1.0430927324675656,stop,False,2024-09-08 16:00:00+00:00,2024-09-09 00:00:00+00:00,"pullback|adx_min=22,of_min=0.0,tp1_r=0,trail_atr=2.5",DOGEUSDT
-1,4.014,4.21978089426568,0.05126579328990533,-1.0179210345991827,stop,False,2024-09-05 04:00:00+00:00,2024-09-09 16:00:00+00:00,"pullback|adx_min=15,of_min=0.06,tp1_r=1.5,trail_atr=2.5",DOTUSDT
-1,128.055,136.3866937477965,0.06506340047476859,-1.0187133529979653,stop,False,2024-09-06 08:00:00+00:00,2024-09-09 20:00:00+00:00,"pullback|adx_min=22,of_min=0.0,tp1_r=1.0,trail_atr=2.5",SOLUSDT
-1,60.54,62.04900871585877,0.024925812947782778,-1.0531267755173153,stop,False,2024-09-10 04:00:00+00:00,2024-09-11 16:00:00+00:00,"pullback|adx_min=15,of_min=0.0,tp1_r=1.5,trail_atr=2.5",LTCUSDT
-1,0.5333,0.5442065651654449,0.020451087878201497,-1.0646843712859289,stop,False,2024-09-11 04:00:00+00:00,2024-09-12 12:00:00+00:00,"pullback|adx_min=22,of_min=0.0,tp1_r=1.5,trail_atr=2.5",XRPUSDT
-1,4.148,4.286544918632586,0.03340041432801023,-1.0354049587054945,stop,False,2024-09-11 08:00:00+00:00,2024-09-12 16:00:00+00:00,"pullback|adx_min=15,of_min=0.06,tp1_r=1.5,trail_atr=2.5",DOTUSDT
-1,132.5,137.33830141269672,0.03651548235997527,-1.0385475077057953,stop,False,2024-09-13 12:00:00+00:00,2024-09-13 16:00:00+00:00,"pullback|adx_min=22,of_min=0.0,tp1_r=1.0,trail_atr=2.5",SOLUSDT
-1,2371.14,2437.2042270510733,0.02786179940917594,0.3828855470997483,trail,True,2024-09-15 20:00:00+00:00,2024-09-17 12:00:00+00:00,"pullback|adx_min=15,of_min=0.06,tp1_r=0,trail_atr=2.5",ETHUSDT
-1,0.10018,0.10306038316822244,0.02875207794192889,-1.0459141233974683,stop,False,2024-09-18 12:00:00+00:00,2024-09-18 16:00:00+00:00,"pullback|adx_min=22,of_min=0.0,tp1_r=0,trail_atr=2.5",DOGEUSDT
-1,2299.44,2402.8490752660555,0.044971417069397515,-1.0295947977332975,stop,False,2024-09-18 12:00:00+00:00,2024-09-19 00:00:00+00:00,"pullback|adx_min=15,of_min=0.06,tp1_r=0,trail_atr=2.5",ETHUSDT
-1,131.32,137.7867283027821,0.049244047386400515,-1.0248391612405985,stop,False,2024-09-16 00:00:00+00:00,2024-09-19 00:00:00+00:00,"pullback|adx_min=22,of_min=0.0,tp1_r=1.0,trail_atr=2.5",SOLUSDT
-1,10.441,10.960616333667458,0.04976691252441885,-1.0273042222199409,stop,False,2024-09-18 12:00:00+00:00,2024-09-19 00:00:00+00:00,"pullback|adx_min=15,of_min=0.0,tp1_r=1.0,trail_atr=2.5",LINKUSDT
-1,4.06,4.293216152845879,0.057442402178788085,-1.0294837892791078,stop,False,2024-09-18 12:00:00+00:00,2024-09-19 12:00:00+00:00,"pullback|adx_min=15,of_min=0.06,tp1_r=1.5,trail_atr=2.5",DOTUSDT
1,27.099,26.46288619234108,0.023473700419163777,-1.0610802039773866,stop,False,2024-09-22 20:00:00+00:00,2024-09-22 20:00:00+00:00,"pullback|adx_min=15,of_min=0.0,tp1_r=1.0,trail_atr=3.5",AVAXUSDT
1,582.81,569.9488354618788,0.022067508344265033,0.9127527499375069,trail,True,2024-09-21 08:00:00+00:00,2024-09-25 04:00:00+00:00,"breakout|n=20,tp1_r=1.0,trail_atr=2.5,vol_mult=1.2",BNBUSDT
1,28.462,26.65801471116743,0.06338223908483491,0.563191391139116,trail,True,2024-09-25 00:00:00+00:00,2024-09-29 04:00:00+00:00,"pullback|adx_min=15,of_min=0.0,tp1_r=1.0,trail_atr=3.5",AVAXUSDT
1,63527.7,62496.282654711045,0.016235710489895774,1.3923666713375429,trail,True,2024-09-24 08:00:00+00:00,2024-09-30 00:00:00+00:00,"pullback|adx_min=15,of_min=0.06,tp1_r=1.5,trail_atr=2.5",BTCUSDT
1,12.665,12.404750110375051,0.020548747700351196,-1.0722971491145596,stop,False,2024-09-29 20:00:00+00:00,2024-09-30 00:00:00+00:00,"pullback|adx_min=15,of_min=0.0,tp1_r=1.0,trail_atr=2.5",LINKUSDT
1,68.53,65.53156861132703,0.04375355885995869,-1.0598425037190329,stop,False,2024-09-27 00:00:00+00:00,2024-10-01 12:00:00+00:00,"pullback|adx_min=15,of_min=0.0,tp1_r=1.5,trail_atr=2.5",LTCUSDT
-1,2398.75,2450.7765549334717,0.021689027590816777,-1.0509715022807964,stop,False,2024-10-05 04:00:00+00:00,2024-10-06 12:00:00+00:00,"pullback|adx_min=15,of_min=0.06,tp1_r=0,trail_atr=2.5",ETHUSDT
-1,4.173,4.251442262594937,0.01879757071529758,-1.0601284238596262,stop,False,2024-10-05 16:00:00+00:00,2024-10-07 00:00:00+00:00,"pullback|adx_min=15,of_min=0.06,tp1_r=1.5,trail_atr=2.5",DOTUSDT
1,63494.5,61613.48820612294,0.02962479890190589,-1.0593233610323547,stop,False,2024-10-07 04:00:00+00:00,2024-10-09 12:00:00+00:00,"pullback|adx_min=15,of_min=0.06,tp1_r=1.5,trail_atr=2.5",BTCUSDT
-1,11.152,11.821673923883829,0.06004967036261025,0.7980821034617039,trail,True,2024-10-08 00:00:00+00:00,2024-10-11 12:00:00+00:00,"pullback|adx_min=15,of_min=0.0,tp1_r=1.0,trail_atr=2.5",LINKUSDT
-1,2369.6,2483.066231929136,0.047884128937008795,-1.0158937607752467,stop,False,2024-10-10 00:00:00+00:00,2024-10-12 16:00:00+00:00,"pullback|adx_min=15,of_min=0.06,tp1_r=0,trail_atr=2.5",ETHUSDT
-1,4.129,4.2885757085021945,0.038647543836811564,-0.995087482917002,stop,False,2024-10-08 00:00:00+00:00,2024-10-14 08:00:00+00:00,"pullback|adx_min=15,of_min=0.06,tp1_r=1.5,trail_atr=2.5",DOTUSDT
1,609.3,601.2071351600258,0.013282233448176828,-1.1047039597679387,stop,False,2024-10-21 08:00:00+00:00,2024-10-21 12:00:00+00:00,"breakout|n=20,tp1_r=1.0,trail_atr=2.5,vol_mult=1.2",BNBUSDT
1,70.9,67.59828012803744,0.046568686487483225,-1.0379525825778615,stop,False,2024-10-24 16:00:00+00:00,2024-10-25 20:00:00+00:00,"pullback|adx_min=15,of_min=0.0,tp1_r=1.5,trail_atr=2.5",LTCUSDT
1,601.37,591.8227919063188,0.01587576382872642,0.41754805686802143,trail,True,2024-10-29 00:00:00+00:00,2024-10-29 20:00:00+00:00,"breakout|n=20,tp1_r=1.0,trail_atr=2.5,vol_mult=1.2",BNBUSDT
1,0.14424,0.1387937506963792,0.03775824531073772,3.8992505434763935,trail,True,2024-10-28 00:00:00+00:00,2024-10-30 12:00:00+00:00,"breakout|n=20,tp1_r=0,trail_atr=2.5,vol_mult=1.2",DOGEUSDT
1,67759.9,66539.16065303315,0.018015660397474702,2.194160957260676,trail,True,2024-10-27 16:00:00+00:00,2024-10-30 12:00:00+00:00,"pullback|adx_min=15,of_min=0.06,tp1_r=1.5,trail_atr=2.5",BTCUSDT
-1,2397.36,2501.612965341138,0.04348657078667282,-1.0261076138911973,stop,False,2024-11-05 00:00:00+00:00,2024-11-06 00:00:00+00:00,"pullback|adx_min=15,of_min=0.06,tp1_r=0,trail_atr=2.5",ETHUSDT
1,635.87,618.335,0.027576391400757967,-1.0626509285029941,stop,False,2024-11-09 04:00:00+00:00,2024-11-09 12:00:00+00:00,"breakout|n=20,tp1_r=1.0,trail_atr=2.5,vol_mult=1.2",BNBUSDT
1,14.93,13.517744920827365,0.09459176685684091,-1.0303779690208037,stop,False,2024-11-12 00:00:00+00:00,2024-11-13 00:00:00+00:00,"pullback|adx_min=15,of_min=0.0,tp1_r=1.0,trail_atr=2.5",LINKUSDT
1,33.363,30.782905497659836,0.07733400780326,-1.0212825668976686,stop,False,2024-11-14 04:00:00+00:00,2024-11-14 20:00:00+00:00,"pullback|adx_min=22,of_min=0.0,tp1_r=1.0,trail_atr=3.5",AVAXUSDT
1,14.265,12.648319873050262,0.11333194019977136,0.5742189717212415,trail,True,2024-11-16 04:00:00+00:00,2024-11-19 12:00:00+00:00,"pullback|adx_min=15,of_min=0.0,tp1_r=1.0,trail_atr=2.5",LINKUSDT
1,1.2478,1.0595684400026644,0.15085074530961343,1.212412445680211,trail,True,2024-11-22 00:00:00+00:00,2024-11-23 16:00:00+00:00,"pullback|adx_min=22,of_min=0.0,tp1_r=1.5,trail_atr=2.5",XRPUSDT
1,83.4,73.22798024106334,0.12196666377621906,1.337563626308336,trail,True,2024-11-14 04:00:00+00:00,2024-11-24 08:00:00+00:00,"pullback|adx_min=15,of_min=0.0,tp1_r=1.5,trail_atr=2.5",LTCUSDT
1,5.939,5.418263927835567,0.08768076648668681,3.0640930001759066,trail,True,2024-11-22 00:00:00+00:00,2024-11-24 08:00:00+00:00,"pullback|adx_min=15,of_min=0.06,tp1_r=1.0,trail_atr=3.5",DOTUSDT
1,38.131,33.82124627685542,0.11302493307661958,0.6008769317994734,trail,True,2024-11-22 12:00:00+00:00,2024-11-24 12:00:00+00:00,"pullback|adx_min=22,of_min=0.0,tp1_r=1.0,trail_atr=3.5",AVAXUSDT
1,91795.9,88341.23598986953,0.037634186386651974,1.3752212804636765,trail,True,2024-11-18 08:00:00+00:00,2024-11-24 12:00:00+00:00,"pullback|adx_min=15,of_min=0.06,tp1_r=1.5,trail_atr=2.5",BTCUSDT
1,3210.48,3022.403952717434,0.058581909023749074,0.4812956759450805,trail,True,2024-11-19 00:00:00+00:00,2024-11-24 12:00:00+00:00,"pullback|adx_min=15,of_min=0.06,tp1_r=0,trail_atr=2.5",ETHUSDT
1,42.091,37.79651420815845,0.10202859974440028,0.485711331297042,trail,True,2024-11-25 00:00:00+00:00,2024-11-25 12:00:00+00:00,"pullback|adx_min=22,of_min=0.0,tp1_r=1.0,trail_atr=3.5",AVAXUSDT
1,97.31,90.501962773804,0.06996235973893748,-1.0264646068985046,stop,False,2024-11-25 08:00:00+00:00,2024-11-26 08:00:00+00:00,"pullback|adx_min=15,of_min=0.0,tp1_r=1.5,trail_atr=2.5",LTCUSDT
1,673.6,654.0773192215112,0.028982602105832613,-1.053710228392938,stop,False,2024-11-30 08:00:00+00:00,2024-11-30 12:00:00+00:00,"breakout|n=20,tp1_r=1.0,trail_atr=2.5,vol_mult=1.2",BNBUSDT
1,95.52,87.0771826139272,0.08838795420930474,2.0620341066899552,trail,True,2024-11-27 08:00:00+00:00,2024-12-02 04:00:00+00:00,"pullback|adx_min=15,of_min=0.0,tp1_r=1.5,trail_atr=2.5",LTCUSDT
1,95694.4,94326.46665276086,0.014294810848274612,0.7672416676208557,trail,True,2024-11-29 00:00:00+00:00,2024-12-02 04:00:00+00:00,"pullback|adx_min=15,of_min=0.06,tp1_r=1.5,trail_atr=2.5",BTCUSDT
1,1.4795,1.2571715119211746,0.15027271921515745,2.3806356663454604,trail,True,2024-11-25 08:00:00+00:00,2024-12-02 08:00:00+00:00,"pullback|adx_min=22,of_min=0.0,tp1_r=1.5,trail_atr=2.5",XRPUSDT
1,18.316,15.97286058241039,0.1279285552298323,1.6606790841373646,trail,True,2024-11-25 08:00:00+00:00,2024-12-03 00:00:00+00:00,"pullback|adx_min=15,of_min=0.0,tp1_r=1.0,trail_atr=2.5",LINKUSDT
1,735.66,706.0703875379215,0.040221858551611395,0.5250089047931739,trail,True,2024-12-04 00:00:00+00:00,2024-12-04 16:00:00+00:00,"breakout|n=20,tp1_r=1.0,trail_atr=2.5,vol_mult=1.2",BNBUSDT
1,2.623,2.2393989205061517,0.14624516946010235,-1.0122855229202499,stop,False,2024-12-04 08:00:00+00:00,2024-12-05 00:00:00+00:00,"pullback|adx_min=22,of_min=0.0,tp1_r=1.5,trail_atr=2.5",XRPUSDT
1,136.87,127.24595406481914,0.07031523295960297,-1.0534181453837494,stop,False,2024-12-06 20:00:00+00:00,2024-12-09 04:00:00+00:00,"pullback|adx_min=15,of_min=0.0,tp1_r=1.5,trail_atr=2.5",LTCUSDT
1,42.75,37.94636813019946,0.11236565777311205,1.2002067777116912,trail,True,2024-11-27 00:00:00+00:00,2024-12-09 08:00:00+00:00,"pullback|adx_min=22,of_min=0.0,tp1_r=1.0,trail_atr=3.5",AVAXUSDT
1,24.924,21.975758914164228,0.11828924273133412,-1.0358472793652,stop,False,2024-12-06 20:00:00+00:00,2024-12-09 20:00:00+00:00,"pullback|adx_min=15,of_min=0.0,tp1_r=1.0,trail_atr=2.5",LINKUSDT
1,2.4267,2.1746084538817776,0.10388245193811442,-1.0261918373399992,stop,False,2024-12-07 00:00:00+00:00,2024-12-09 20:00:00+00:00,"pullback|adx_min=22,of_min=0.0,tp1_r=1.5,trail_atr=2.5",XRPUSDT
1,124.51,115.82955519603121,0.06971684847778328,-1.023684349509742,stop,False,2024-12-14 00:00:00+00:00,2024-12-14 20:00:00+00:00,"pullback|adx_min=15,of_min=0.0,tp1_r=1.5,trail_atr=2.5",LTCUSDT
1,48.446,42.272958019076256,0.12742108700251295,0.541584924335721,trail,True,2024-12-12 00:00:00+00:00,2024-12-15 04:00:00+00:00,"pullback|adx_min=22,of_min=0.0,tp1_r=1.0,trail_atr=3.5",AVAXUSDT
1,3830.44,3556.9076256642375,0.07141017072079515,0.28879981215004785,trail,True,2024-12-12 00:00:00+00:00,2024-12-17 12:00:00+00:00,"pullback|adx_min=15,of_min=0.06,tp1_r=0,trail_atr=2.5",ETHUSDT
1,127.55,113.2973844568191,0.11174139978973653,-1.0154086222598522,stop,False,2024-12-17 20:00:00+00:00,2024-12-18 20:00:00+00:00,"pullback|adx_min=15,of_min=0.0,tp1_r=1.5,trail_atr=2.5",LTCUSDT
1,27.027,22.758257717543785,0.15794362239450238,-1.022013167810219,stop,False,2024-12-12 04:00:00+00:00,2024-12-19 16:00:00+00:00,"pullback|adx_min=15,of_min=0.0,tp1_r=1.0,trail_atr=2.5",LINKUSDT
1,100352.7,94891.1659454176,0.054423389251932436,-1.0730091176264374,stop,False,2024-12-11 16:00:00+00:00,2024-12-20 08:00:00+00:00,"pullback|adx_min=15,of_min=0.06,tp1_r=1.5,trail_atr=2.5",BTCUSDT
1,2.3688,1.9049863141589602,0.1958011169541707,-0.23734450917804173,time,False,2024-12-11 00:00:00+00:00,2024-12-26 00:00:00+00:00,"pullback|adx_min=22,of_min=0.0,tp1_r=1.5,trail_atr=2.5",XRPUSDT
1,7.671,7.413977583447853,0.03350572501005704,-0.05073759781320149,trail,True,2025-01-06 00:00:00+00:00,2025-01-07 00:00:00+00:00,"pullback|adx_min=15,of_min=0.0,tp1_r=0,trail_atr=3.5",DOTUSDT
1,24.055,22.700217542545392,0.05632020193118303,-1.0312601126821135,stop,False,2025-01-06 04:00:00+00:00,2025-01-07 12:00:00+00:00,"pullback|adx_min=15,of_min=0.0,tp1_r=0,trail_atr=2.5",LINKUSDT
-1,6.658,6.861211940625076,0.030521469003465782,-1.0367402050070096,stop,False,2025-01-11 04:00:00+00:00,2025-01-11 20:00:00+00:00,"pullback|adx_min=15,of_min=0.0,tp1_r=0,trail_atr=3.5",DOTUSDT
-1,6.629,6.918751048771598,0.04370961664981116,-0.030836692318733094,trail,True,2025-01-13 00:00:00+00:00,2025-01-14 16:00:00+00:00,"pullback|adx_min=15,of_min=0.0,tp1_r=0,trail_atr=3.5",DOTUSDT
1,0.38509,0.3501350511160298,0.09077085586218848,0.3919189939490181,trail,True,2025-01-16 00:00:00+00:00,2025-01-18 04:00:00+00:00,"pullback|adx_min=15,of_min=0.0,tp1_r=0,trail_atr=2.5",DOGEUSDT
1,3.2224,3.0058275016768583,0.06720844659978328,-1.020975995707431,stop,False,2025-01-19 20:00:00+00:00,2025-01-19 20:00:00+00:00,"pullback|adx_min=22,of_min=0.0,tp1_r=1.5,trail_atr=2.5",XRPUSDT
1,101005.2,96907.94110113817,0.04056483130434693,1.0523375119895277,trail,True,2025-01-17 04:00:00+00:00,2025-01-20 16:00:00+00:00,"pullback|adx_min=15,of_min=0.06,tp1_r=1.5,trail_atr=2.5",BTCUSDT
-1,3063.5,3282.2546012489197,0.07140675738499093,2.4406175881643835,trail,True,2025-02-02 12:00:00+00:00,2025-02-03 04:00:00+00:00,"pullback|adx_min=15,of_min=0.06,tp1_r=0,trail_atr=2.5",ETHUSDT
-1,624.21,640.5014367091879,0.026099288235029727,2.6470639617648892,trail,True,2025-02-02 20:00:00+00:00,2025-02-03 04:00:00+00:00,"breakout|n=55,tp1_r=1.0,trail_atr=2.5,vol_mult=1.2",BNBUSDT
-1,32.09,34.8798322946892,0.0869377467961732,1.396746407577529,trail,True,2025-02-02 00:00:00+00:00,2025-02-03 12:00:00+00:00,"pullback|adx_min=22,of_min=0.0,tp1_r=1.0,trail_atr=3.5",AVAXUSDT
-1,5.904,6.483743673838503,0.0981950667070635,1.6047544528097428,trail,True,2025-02-02 00:00:00+00:00,2025-02-03 16:00:00+00:00,"pullback|adx_min=15,of_min=0.0,tp1_r=0,trail_atr=3.5",DOTUSDT
-1,2802.02,2886.6261938001708,0.03019471445606055,1.3517251513992377,trail,True,2025-02-06 12:00:00+00:00,2025-02-10 16:00:00+00:00,"pullback|adx_min=15,of_min=0.06,tp1_r=0,trail_atr=2.5",ETHUSDT
-1,4.678,4.9843893117391795,0.06549579130807602,-1.0134147101114166,stop,False,2025-02-07 20:00:00+00:00,2025-02-11 00:00:00+00:00,"pullback|adx_min=15,of_min=0.0,tp1_r=0,trail_atr=3.5",DOTUSDT
-1,24.842,26.479250168757115,0.06590653605817232,-1.019089071440961,stop,False,2025-02-07 20:00:00+00:00,2025-02-11 04:00:00+00:00,"pullback|adx_min=22,of_min=0.0,tp1_r=1.0,trail_atr=3.5",AVAXUSDT
-1,4.763,5.250460831588031,0.10234323568927796,-1.0147100123896144,stop,False,2025-02-11 20:00:00+00:00,2025-02-12 16:00:00+00:00,"pullback|adx_min=15,of_min=0.0,tp1_r=0,trail_atr=3.5",DOTUSDT
-1,2654.7,2811.8938690672235,0.059213421127518616,-1.0143403197893366,stop,False,2025-02-13 12:00:00+00:00,2025-02-17 12:00:00+00:00,"pullback|adx_min=15,of_min=0.06,tp1_r=0,trail_atr=2.5",ETHUSDT
-1,0.25968,0.2974662458036395,0.14551080485073736,0.12082072016692053,time,False,2025-02-04 08:00:00+00:00,2025-02-19 08:00:00+00:00,"pullback|adx_min=15,of_min=0.0,tp1_r=0,trail_atr=2.5",DOGEUSDT
-1,4.974,5.250769098750151,0.05564316420389043,-0.016028024515860367,trail,True,2025-02-16 04:00:00+00:00,2025-02-20 00:00:00+00:00,"pullback|adx_min=15,of_min=0.0,tp1_r=0,trail_atr=3.5",DOTUSDT
-1,18.719,20.04016364244247,0.07057875113213673,0.2228470818095457,trail,True,2025-02-07 20:00:00+00:00,2025-02-21 08:00:00+00:00,"pullback|adx_min=15,of_min=0.0,tp1_r=0,trail_atr=2.5",LINKUSDT
-1,0.25084,0.25889755653462043,0.03212229522652059,-1.045089418313507,stop,False,2025-02-20 16:00:00+00:00,2025-02-21 12:00:00+00:00,"pullback|adx_min=15,of_min=0.0,tp1_r=1.0,trail_atr=2.5",DOGEUSDT
-1,4.951,5.170778324630412,0.04439069372458335,1.482999270216778,trail,True,2025-02-23 16:00:00+00:00,2025-02-25 12:00:00+00:00,"pullback|adx_min=15,of_min=0.06,tp1_r=1.0,trail_atr=2.5",DOTUSDT
-1,2512.26,2722.579216437654,0.08371713773162559,0.538633484475392,trail,True,2025-02-25 00:00:00+00:00,2025-02-25 20:00:00+00:00,"pullback|adx_min=22,of_min=0.06,tp1_r=1.0,trail_atr=2.5",ETHUSDT
-1,25.035,27.221969311643978,0.08735647340299492,1.2037893863490705,time,True,2025-02-11 20:00:00+00:00,2025-02-26 20:00:00+00:00,"pullback|adx_min=22,of_min=0.0,tp1_r=1.0,trail_atr=3.5",AVAXUSDT
-1,96373.7,97210.3004890298,0.008680796618058727,8.212205464153735,trail,True,2025-02-23 04:00:00+00:00,2025-02-28 12:00:00+00:00,"pullback|adx_min=15,of_min=0.06,tp1_r=1.5,trail_atr=2.5",BTCUSDT
-1,0.23985,0.2595506713081382,0.08213746636705517,1.4363971200588028,trail,True,2025-02-21 20:00:00+00:00,2025-02-28 20:00:00+00:00,"pullback|adx_min=15,of_min=0.0,tp1_r=1.0,trail_atr=2.5",DOGEUSDT
-1,22.322,23.60234930029194,0.057358180283663726,0.48059711489332924,trail,True,2025-02-27 20:00:00+00:00,2025-02-28 20:00:00+00:00,"pullback|adx_min=22,of_min=0.0,tp1_r=1.0,trail_atr=3.5",AVAXUSDT
-1,614.06,649.7688837043593,0.058152108432985905,0.7207004508762882,trail,True,2025-02-25 00:00:00+00:00,2025-03-01 00:00:00+00:00,"pullback|adx_min=15,of_min=0.0,tp1_r=1.0,trail_atr=2.5",BNBUSDT
-1,591.03,601.5802038774427,0.01785053868237273,-1.0791290056961973,stop,False,2025-03-01 12:00:00+00:00,2025-03-01 12:00:00+00:00,"pullback|adx_min=15,of_min=0.0,tp1_r=1.0,trail_atr=2.5",BNBUSDT
-1,21.879,22.714660265803772,0.03819462799048269,0.4708482423895214,trail,True,2025-03-01 08:00:00+00:00,2025-03-01 20:00:00+00:00,"pullback|adx_min=22,of_min=0.0,tp1_r=1.0,trail_atr=3.5",AVAXUSDT
-1,0.761,0.7927425897718585,0.04171168169758017,3.1673569282532377,trail,True,2025-02-23 16:00:00+00:00,2025-03-01 20:00:00+00:00,"pullback|adx_min=22,of_min=0.0,tp1_r=0,trail_atr=3.5",ADAUSDT
-1,4.6,5.17157725761771,0.12425592556906756,-1.0148581980251086,stop,False,2025-02-28 04:00:00+00:00,2025-03-02 16:00:00+00:00,"pullback|adx_min=15,of_min=0.06,tp1_r=1.0,trail_atr=2.5",DOTUSDT
-1,607.1,637.6608538120685,0.05033907727239078,0.8806835558681695,trail,True,2025-03-03 08:00:00+00:00,2025-03-04 16:00:00+00:00,"pullback|adx_min=15,of_min=0.0,tp1_r=1.0,trail_atr=2.5",BNBUSDT
-1,594.06,613.0011377032868,0.03188421658298289,1.8216810690288514,trail,True,2025-03-08 12:00:00+00:00,2025-03-11 04:00:00+00:00,"pullback|adx_min=15,of_min=0.0,tp1_r=1.0,trail_atr=2.5",BNBUSDT
-1,2095.85,2249.419101130387,0.07327294469088295,0.9606369364360727,trail,True,2025-03-09 16:00:00+00:00,2025-03-11 12:00:00+00:00,"pullback|adx_min=22,of_min=0.06,tp1_r=1.0,trail_atr=2.5",ETHUSDT
-1,0.19115,0.22283722978160722,0.16577153953234233,0.9346205215194671,trail,True,2025-03-04 04:00:00+00:00,2025-03-11 16:00:00+00:00,"pullback|adx_min=15,of_min=0.0,tp1_r=1.0,trail_atr=2.5",DOGEUSDT
-1,0.7163,0.7562001469363504,0.055703122904300365,-1.0280128313221115,stop,False,2025-03-12 04:00:00+00:00,2025-03-12 12:00:00+00:00,"pullback|adx_min=22,of_min=0.0,tp1_r=0,trail_atr=3.5",ADAUSDT
-1,19.814,22.935111896959143,0.15752053583118716,0.7248543717858317,trail,True,2025-03-04 04:00:00+00:00,2025-03-12 12:00:00+00:00,"pullback|adx_min=22,of_min=0.0,tp1_r=1.0,trail_atr=3.5",AVAXUSDT
-1,0.16592,0.17580401104229643,0.059570944083271536,-1.020585869163733,stop,False,2025-03-13 16:00:00+00:00,2025-03-14 12:00:00+00:00,"pullback|adx_min=15,of_min=0.0,tp1_r=1.0,trail_atr=2.5",DOGEUSDT
-1,4.224,4.845122001982351,0.14704592849960957,-0.471375149915104,time,False,2025-03-04 04:00:00+00:00,2025-03-19 04:00:00+00:00,"pullback|adx_min=15,of_min=0.06,tp1_r=1.0,trail_atr=2.5",DOTUSDT
-1,1872.61,1967.7065471445123,0.05078288973385406,-1.0215125218068362,stop,False,2025-03-16 12:00:00+00:00,2025-03-19 08:00:00+00:00,"pullback|adx_min=22,of_min=0.06,tp1_r=1.0,trail_atr=2.5",ETHUSDT
-1,18.396,20.00356208104587,0.08738650147020385,-1.0254399765825062,stop,False,2025-03-16 12:00:00+00:00,2025-03-19 16:00:00+00:00,"pullback|adx_min=22,of_min=0.0,tp1_r=1.0,trail_atr=3.5",AVAXUSDT
-1,0.16747,0.17899183453687756,0.06879939414150325,-1.0197793831309065,stop,False,2025-03-16 12:00:00+00:00,2025-03-20 00:00:00+00:00,"pullback|adx_min=15,of_min=0.0,tp1_r=1.0,trail_atr=2.5",DOGEUSDT
-1,18.825,20.230197174040057,0.07464526820929925,-1.019816148072494,stop,False,2025-03-20 12:00:00+00:00,2025-03-24 00:00:00+00:00,"pullback|adx_min=22,of_min=0.0,tp1_r=1.0,trail_atr=3.5",AVAXUSDT
-1,83889.5,86799.87424112808,0.03469295014427412,-1.0346659785374142,stop,False,2025-03-21 08:00:00+00:00,2025-03-24 04:00:00+00:00,"pullback|adx_min=15,of_min=0.06,tp1_r=1.5,trail_atr=2.5",BTCUSDT
-1,0.16962,0.1801827735465717,0.06227316086883447,-1.0174434892568915,stop,False,2025-03-20 16:00:00+00:00,2025-03-24 12:00:00+00:00,"pullback|adx_min=15,of_min=0.0,tp1_r=1.0,trail_atr=2.5",DOGEUSDT
-1,0.7169,0.7770068650240304,0.08384274658115554,0.19738940675506217,time,False,2025-03-13 08:00:00+00:00,2025-03-28 08:00:00+00:00,"pullback|adx_min=22,of_min=0.0,tp1_r=0,trail_atr=3.5",ADAUSDT
-1,0.16961,0.17692372975308251,0.04312086405920938,-1.0326608623358666,stop,False,2025-04-02 08:00:00+00:00,2025-04-02 12:00:00+00:00,"pullback|adx_min=15,of_min=0.0,tp1_r=1.0,trail_atr=2.5",DOGEUSDT
-1,4.104,4.30491857530857,0.04895676786271205,0.47501603196837405,trail,True,2025-04-02 04:00:00+00:00,2025-04-04 08:00:00+00:00,"pullback|adx_min=15,of_min=0.06,tp1_r=1.0,trail_atr=2.5",DOTUSDT
-1,1794.39,1934.6920899640495,0.0781892955065785,1.3358569120723978,trail,True,2025-04-03 12:00:00+00:00,2025-04-07 12:00:00+00:00,"pullback|adx_min=22,of_min=0.06,tp1_r=1.0,trail_atr=2.5",ETHUSDT
-1,0.16376,0.18156933329804742,0.10875264593336244,1.0301177301131306,trail,True,2025-04-03 00:00:00+00:00,2025-04-07 12:00:00+00:00,"pullback|adx_min=15,of_min=0.0,tp1_r=1.0,trail_atr=2.5",DOGEUSDT
-1,3.909,4.146042595155,0.060640213649271066,1.161590156898872,trail,True,2025-04-05 16:00:00+00:00,2025-04-07 12:00:00+00:00,"pullback|adx_min=15,of_min=0.06,tp1_r=1.0,trail_atr=2.5",DOTUSDT
-1,82576.5,84916.80777987668,0.028341087111668276,1.599526610823801,trail,True,2025-04-05 16:00:00+00:00,2025-04-07 12:00:00+00:00,"pullback|adx_min=15,of_min=0.06,tp1_r=1.5,trail_atr=2.5",BTCUSDT
-1,0.143,0.15869701112083073,0.10976930853727794,-1.0129762001324112,stop,False,2025-04-08 20:00:00+00:00,2025-04-09 16:00:00+00:00,"pullback|adx_min=15,of_min=0.0,tp1_r=1.0,trail_atr=2.5",DOGEUSDT
-1,542.75,568.8552661841408,0.048098141288145116,-1.029807153883825,stop,False,2025-04-09 04:00:00+00:00,2025-04-09 16:00:00+00:00,"pullback|adx_min=15,of_min=0.0,tp1_r=1.0,trail_atr=2.5",BNBUSDT
-1,3.404,3.7364632295578883,0.09766839881254066,-1.0133555775975445,stop,False,2025-04-08 20:00:00+00:00,2025-04-09 20:00:00+00:00,"pullback|adx_min=15,of_min=0.06,tp1_r=1.0,trail_atr=2.5",DOTUSDT
-1,0.14949,0.16584692610641044,0.1094181959088262,-1.0100633420976313,stop,False,2025-04-10 16:00:00+00:00,2025-04-12 12:00:00+00:00,"pullback|adx_min=15,of_min=0.0,tp1_r=1.0,trail_atr=2.5",DOGEUSDT
-1,583.24,592.6339199375627,0.016106439780472385,-1.1017657862436847,stop,False,2025-04-15 20:00:00+00:00,2025-04-17 16:00:00+00:00,"pullback|adx_min=15,of_min=0.0,tp1_r=1.0,trail_atr=2.5",BNBUSDT
-1,3.602,3.822828777810272,0.06130726757642205,-1.017834673286337,stop,False,2025-04-15 16:00:00+00:00,2025-04-19 20:00:00+00:00,"pullback|adx_min=15,of_min=0.06,tp1_r=1.0,trail_atr=2.5",DOTUSDT
-1,0.16017,0.17085555910346445,0.06671386091942587,-1.011182529272959,stop,False,2025-04-14 16:00:00+00:00,2025-04-22 12:00:00+00:00,"pullback|adx_min=15,of_min=0.0,tp1_r=1.0,trail_atr=2.5",DOGEUSDT
-1,1563.44,1671.3732430382481,0.06903574364110428,-1.0140719136104208,stop,False,2025-04-16 08:00:00+00:00,2025-04-22 12:00:00+00:00,"pullback|adx_min=22,of_min=0.06,tp1_r=1.0,trail_atr=2.5",ETHUSDT
1,94388.9,93319.80835561169,0.01132645516992256,-1.1232337444011264,stop,False,2025-04-27 20:00:00+00:00,2025-04-28 00:00:00+00:00,"pullback|adx_min=15,of_min=0.06,tp1_r=1.0,trail_atr=2.5",BTCUSDT
1,151.68,141.96244297157904,0.06406617239201588,-1.0112176777930184,stop,False,2025-05-01 12:00:00+00:00,2025-05-06 08:00:00+00:00,"pullback|adx_min=15,of_min=0.06,tp1_r=0,trail_atr=2.5",SOLUSDT
1,0.26373,0.2526339010547825,0.04207370775117549,0.47137862491471355,trail,True,2025-05-10 20:00:00+00:00,2025-05-11 04:00:00+00:00,"breakout|n=20,tp1_r=1.0,trail_atr=2.5,vol_mult=1.2",POLUSDT
1,96130.0,93022.1101569257,0.03233007222588473,1.5132583717739194,trail,True,2025-05-01 12:00:00+00:00,2025-05-12 12:00:00+00:00,"pullback|adx_min=15,of_min=0.06,tp1_r=1.0,trail_atr=2.5",BTCUSDT
1,103.81,97.43483280351641,0.061411879361175106,-1.0295645028833789,stop,False,2025-05-13 00:00:00+00:00,2025-05-15 04:00:00+00:00,"pullback|adx_min=15,of_min=0.06,tp1_r=1.5,trail_atr=2.5",LTCUSDT
1,0.8345,0.7636372507640803,0.08491641610056289,-1.0202049095748194,stop,False,2025-05-13 20:00:00+00:00,2025-05-15 08:00:00+00:00,"pullback|adx_min=22,of_min=0.0,tp1_r=0,trail_atr=2.5",ADAUSDT
1,25.806,23.216809270836414,0.10033289658077915,-1.0183149997161098,stop,False,2025-05-13 20:00:00+00:00,2025-05-15 12:00:00+00:00,"pullback|adx_min=22,of_min=0.0,tp1_r=1.0,trail_atr=3.5",AVAXUSDT
1,17.612,15.85742104131135,0.09962406079313246,-1.0173014746008386,stop,False,2025-05-13 20:00:00+00:00,2025-05-15 12:00:00+00:00,"pullback|adx_min=15,of_min=0.0,tp1_r=1.5,trail_atr=2.5",LINKUSDT
1,667.0,637.5983856720403,0.04408038130128889,-1.0321971745976615,stop,False,2025-05-13 20:00:00+00:00,2025-05-17 00:00:00+00:00,"pullback|adx_min=22,of_min=0.0,tp1_r=0,trail_atr=2.5",BNBUSDT
1,653.98,633.9178812509657,0.030676960685394526,-1.0449368547835494,stop,False,2025-05-18 16:00:00+00:00,2025-05-18 20:00:00+00:00,"pullback|adx_min=22,of_min=0.0,tp1_r=0,trail_atr=2.5",BNBUSDT
1,170.61,163.24926556234354,0.043143628378503454,-1.0326444370366583,stop,False,2025-05-18 08:00:00+00:00,2025-05-19 04:00:00+00:00,"pullback|adx_min=15,of_min=0.06,tp1_r=0,trail_atr=2.5",SOLUSDT
1,23.775,21.960598911380938,0.07631550320164293,0.48089992872786586,trail,True,2025-05-22 04:00:00+00:00,2025-05-23 12:00:00+00:00,"pullback|adx_min=22,of_min=0.0,tp1_r=1.0,trail_atr=3.5",AVAXUSDT
1,104744.7,100613.44391489324,0.03944119449582417,0.8592899785564861,trail,True,2025-05-13 20:00:00+00:00,2025-05-23 12:00:00+00:00,"pullback|adx_min=15,of_min=0.06,tp1_r=1.0,trail_atr=2.5",BTCUSDT
1,648.48,630.910788700257,0.027092911577447375,1.173790930718744,trail,True,2025-05-19 20:00:00+00:00,2025-05-23 12:00:00+00:00,"pullback|adx_min=22,of_min=0.0,tp1_r=0,trail_atr=2.5",BNBUSDT
1,0.7647,0.7381855262409376,0.03467304009292855,-1.0469569114093056,stop,False,2025-05-27 08:00:00+00:00,2025-05-28 16:00:00+00:00,"pullback|adx_min=22,of_min=0.0,tp1_r=0,trail_atr=2.5",ADAUSDT
1,2606.97,2494.8755667147566,0.042997975920414586,0.6313719497390059,trail,True,2025-05-27 08:00:00+00:00,2025-05-29 12:00:00+00:00,"pullback|adx_min=22,of_min=0.06,tp1_r=1.0,trail_atr=2.5",ETHUSDT
1,175.64,167.97805868113124,0.043622986329245855,-1.0310096585171806,stop,False,2025-05-26 00:00:00+00:00,2025-05-29 16:00:00+00:00,"pullback|adx_min=15,of_min=0.06,tp1_r=0,trail_atr=2.5",SOLUSDT
1,0.22973,0.21402190686691117,0.06837632496012198,-1.0290870644727956,stop,False,2025-05-26 08:00:00+00:00,2025-05-29 20:00:00+00:00,"pullback|adx_min=22,of_min=0.06,tp1_r=1.5,trail_atr=2.5",DOGEUSDT
1,16.122,14.700723942545562,0.08815755225495833,-1.0299664594336895,stop,False,2025-05-20 04:00:00+00:00,2025-05-30 00:00:00+00:00,"pullback|adx_min=15,of_min=0.0,tp1_r=1.5,trail_atr=2.5",LINKUSDT
1,23.432,21.847971340129344,0.06760108654278996,-1.0218706431365447,stop,False,2025-05-26 00:00:00+00:00,2025-05-30 00:00:00+00:00,"pullback|adx_min=22,of_min=0.0,tp1_r=1.0,trail_atr=3.5",AVAXUSDT
1,674.67,651.2290970928801,0.03474424964370705,-1.0395944376222432,stop,False,2025-05-24 12:00:00+00:00,2025-05-31 00:00:00+00:00,"pullback|adx_min=22,of_min=0.0,tp1_r=0,trail_atr=2.5",BNBUSDT
-1,0.2061,0.21519762926647348,0.04414182079802755,-1.0375240360414093,stop,False,2025-05-31 00:00:00+00:00,2025-05-31 20:00:00+00:00,"breakout|n=20,tp1_r=1.0,trail_atr=2.5,vol_mult=1.2",POLUSDT
1,665.93,647.8462608490088,0.027155615681815154,-1.0508547140011086,stop,False,2025-06-03 00:00:00+00:00,2025-06-05 16:00:00+00:00,"pullback|adx_min=22,of_min=0.0,tp1_r=0,trail_atr=2.5",BNBUSDT
1,2606.49,2460.068947338946,0.056175566628321474,-1.0328799016052819,stop,False,2025-06-03 00:00:00+00:00,2025-06-05 20:00:00+00:00,"pullback|adx_min=22,of_min=0.06,tp1_r=1.0,trail_atr=2.5",ETHUSDT
-1,0.20454,0.21182114250146528,0.03559764594438876,0.4635297447074529,trail,True,2025-06-05 20:00:00+00:00,2025-06-06 04:00:00+00:00,"breakout|n=20,tp1_r=1.0,trail_atr=2.5,vol_mult=1.2",POLUSDT
-1,14.103,14.51525010331943,0.02923137653828474,1.5250919919577859,trail,True,2025-06-04 00:00:00+00:00,2025-06-06 12:00:00+00:00,"pullback|adx_min=15,of_min=0.0,tp1_r=1.5,trail_atr=2.5",LINKUSDT
-1,4.128,4.232173158035316,0.025235745648090065,1.6150982954577153,trail,True,2025-06-04 12:00:00+00:00,2025-06-06 12:00:00+00:00,"pullback|adx_min=15,of_min=0.06,tp1_r=0,trail_atr=2.5",DOTUSDT
-1,3.889,4.041167033638013,0.039127547862693034,-1.0339024384599547,stop,False,2025-06-06 20:00:00+00:00,2025-06-07 12:00:00+00:00,"pullback|adx_min=15,of_min=0.06,tp1_r=0,trail_atr=2.5",DOTUSDT
-1,13.729,14.138678807800206,0.029840396809688013,-1.0415560250647935,stop,False,2025-06-08 08:00:00+00:00,2025-06-09 20:00:00+00:00,"pullback|adx_min=15,of_min=0.0,tp1_r=1.5,trail_atr=2.5",LINKUSDT
1,107707.8,104956.26909230431,0.025546254845941436,0.5310560284498894,trail,True,2025-06-09 12:00:00+00:00,2025-06-11 20:00:00+00:00,"pullback|adx_min=15,of_min=0.06,tp1_r=1.0,trail_atr=2.5",BTCUSDT
1,2679.13,2542.624819488493,0.050951309011323526,0.6506133672366772,trail,True,2025-06-10 00:00:00+00:00,2025-06-12 08:00:00+00:00,"pullback|adx_min=22,of_min=0.06,tp1_r=1.0,trail_atr=2.5",ETHUSDT
-1,0.19161,0.19857186102036523,0.0363334952265812,0.4636988777916303,trail,True,2025-06-18 12:00:00+00:00,2025-06-19 00:00:00+00:00,"breakout|n=20,tp1_r=1.0,trail_atr=2.5,vol_mult=1.2",POLUSDT
-1,0.17441,0.18157614770326416,0.04108794050377933,0.46680507250481035,trail,True,2025-06-21 20:00:00+00:00,2025-06-22 00:00:00+00:00,"breakout|n=20,tp1_r=1.0,trail_atr=2.5,vol_mult=1.2",POLUSDT
-1,86.09,91.39074916850568,0.06157218223377482,1.2320821460420146,trail,True,2025-06-13 00:00:00+00:00,2025-06-23 00:00:00+00:00,"pullback|adx_min=15,of_min=0.06,tp1_r=1.5,trail_atr=2.5",LTCUSDT
-1,3.916,4.196284952687706,0.07157429843914863,2.4097169446865028,trail,True,2025-06-13 00:00:00+00:00,2025-06-23 04:00:00+00:00,"pullback|adx_min=15,of_min=0.06,tp1_r=0,trail_atr=2.5",DOTUSDT
-1,13.251,14.229446062215748,0.07383941304171375,1.4678987177581242,trail,True,2025-06-17 12:00:00+00:00,2025-06-23 04:00:00+00:00,"pullback|adx_min=15,of_min=0.0,tp1_r=1.5,trail_atr=2.5",LINKUSDT
-1,146.43,153.75443055465752,0.05002001334875033,1.5621771934000614,trail,True,2025-06-18 12:00:00+00:00,2025-06-23 12:00:00+00:00,"pullback|adx_min=15,of_min=0.06,tp1_r=0,trail_atr=2.5",SOLUSDT
1,654.96,645.4529524279194,0.014515462886406249,-1.0957488704876992,stop,False,2025-06-30 00:00:00+00:00,2025-07-01 12:00:00+00:00,"pullback|adx_min=15,of_min=0.0,tp1_r=1.5,trail_atr=2.5",BNBUSDT
1,107248.0,106055.55949721189,0.011118533704946617,-1.1634934133084291,stop,False,2025-06-28 04:00:00+00:00,2025-07-01 12:00:00+00:00,"pullback|adx_min=15,of_min=0.06,tp1_r=1.5,trail_atr=2.5",BTCUSDT
1,687.08,677.8170703791893,0.013481588200516276,0.8711566168233277,trail,True,2025-07-13 04:00:00+00:00,2025-07-14 12:00:00+00:00,"pullback|adx_min=15,of_min=0.0,tp1_r=1.5,trail_atr=2.5",BNBUSDT
1,700.68,675.6913725068958,0.03566339483516599,1.3877402290603698,trail,True,2025-07-16 16:00:00+00:00,2025-07-18 16:00:00+00:00,"pullback|adx_min=15,of_min=0.0,tp1_r=1.5,trail_atr=2.5",BNBUSDT
1,163.99,156.24195860682082,0.047247035753272715,1.2326189167271209,trail,True,2025-07-16 00:00:00+00:00,2025-07-18 20:00:00+00:00,"pullback|adx_min=15,of_min=0.06,tp1_r=0,trail_atr=2.5",SOLUSDT
1,0.24738,0.235407225500198,0.04839831231224027,-1.032359003993314,stop,False,2025-07-18 04:00:00+00:00,2025-07-18 20:00:00+00:00,"breakout|n=20,tp1_r=1.0,trail_atr=2.5,vol_mult=1.2",POLUSDT
1,118669.4,116979.50229501842,0.01424038298821409,-1.0976119626177678,stop,False,2025-07-20 16:00:00+00:00,2025-07-20 20:00:00+00:00,"pullback|adx_min=15,of_min=0.06,tp1_r=1.5,trail_atr=2.5",BTCUSDT
1,119352.3,116066.1881220851,0.027532874338533034,-1.0574123489079654,stop,False,2025-07-21 08:00:00+00:00,2025-07-22 00:00:00+00:00,"pullback|adx_min=15,of_min=0.06,tp1_r=1.5,trail_atr=2.5",BTCUSDT
1,18.195,17.16859889321713,0.056411162780042344,1.0236483448998035,trail,True,2025-07-19 04:00:00+00:00,2025-07-22 08:00:00+00:00,"pullback|adx_min=15,of_min=0.0,tp1_r=1.5,trail_atr=2.5",LINKUSDT
1,19.348,18.468966879827942,0.04543276411887828,-1.0367179302749843,stop,False,2025-07-22 16:00:00+00:00,2025-07-23 12:00:00+00:00,"pullback|adx_min=15,of_min=0.0,tp1_r=1.5,trail_atr=2.5",LINKUSDT
1,23.905,22.761100909835204,0.047851875765103434,1.01453833977319,trail,True,2025-07-18 00:00:00+00:00,2025-07-23 12:00:00+00:00,"breakout|n=20,tp1_r=1.5,trail_atr=2.5,vol_mult=1.2",AVAXUSDT
1,4.388,4.097288998467779,0.06625136771472664,-1.0385444728265152,stop,False,2025-07-19 20:00:00+00:00,2025-07-23 16:00:00+00:00,"pullback|adx_min=15,of_min=0.06,tp1_r=0,trail_atr=2.5",DOTUSDT
1,743.4,715.7330105976645,0.037216827283206216,1.2173821377838867,trail,True,2025-07-20 04:00:00+00:00,2025-07-23 16:00:00+00:00,"pullback|adx_min=15,of_min=0.0,tp1_r=1.5,trail_atr=2.5",BNBUSDT
1,779.77,748.1809841173185,0.040510683769164564,-1.033858784738796,stop,False,2025-07-24 04:00:00+00:00,2025-07-24 04:00:00+00:00,"pullback|adx_min=15,of_min=0.0,tp1_r=1.5,trail_atr=2.5",BNBUSDT
1,118713.4,116906.60720070015,0.015219788156179883,-1.1109966926579542,stop,False,2025-07-24 00:00:00+00:00,2025-07-25 00:00:00+00:00,"pullback|adx_min=15,of_min=0.06,tp1_r=1.5,trail_atr=2.5",BTCUSDT
1,187.15,183.05336782090635,0.02188956547739065,-0.08679934747733922,trail,True,2025-07-27 04:00:00+00:00,2025-07-28 12:00:00+00:00,"pullback|adx_min=15,of_min=0.06,tp1_r=0,trail_atr=2.5",SOLUSDT
1,772.11,747.8890013313797,0.03136988080535191,1.7932509281827942,trail,True,2025-07-25 12:00:00+00:00,2025-07-28 20:00:00+00:00,"pullback|adx_min=15,of_min=0.0,tp1_r=1.5,trail_atr=2.5",BNBUSDT
1,26.057,25.081095640757074,0.03745267525973539,-1.0446906159763076,stop,False,2025-07-28 00:00:00+00:00,2025-07-28 20:00:00+00:00,"breakout|n=20,tp1_r=1.5,trail_atr=2.5,vol_mult=1.2",AVAXUSDT
1,4.191,3.897958841023635,0.06992153638185747,-1.0302516940271575,stop,False,2025-07-26 20:00:00+00:00,2025-07-29 12:00:00+00:00,"pullback|adx_min=15,of_min=0.06,tp1_r=0,trail_atr=2.5",DOTUSDT
1,3876.56,3708.4556330736,0.04336431447633984,-1.0359916903729245,stop,False,2025-07-29 08:00:00+00:00,2025-07-30 16:00:00+00:00,"pullback|adx_min=15,of_min=0.06,tp1_r=1.0,trail_atr=2.5",ETHUSDT
1,18.283,17.07799476821383,0.06590850690730025,-1.0378607278825855,stop,False,2025-07-26 00:00:00+00:00,2025-07-30 16:00:00+00:00,"pullback|adx_min=15,of_min=0.0,tp1_r=1.5,trail_atr=2.5",LINKUSDT
1,117758.1,114526.28674520396,0.027444509165790217,-1.1065294637234124,stop,False,2025-07-26 12:00:00+00:00,2025-08-01 00:00:00+00:00,"pullback|adx_min=15,of_min=0.06,tp1_r=1.5,trail_atr=2.5",BTCUSDT
1,110.34,103.41189126560067,0.06278873241253698,1.4747835346246487,trail,True,2025-08-04 00:00:00+00:00,2025-08-05 16:00:00+00:00,"pullback|adx_min=15,of_min=0.06,tp1_r=1.5,trail_atr=2.5",LTCUSDT
-1,3.596,3.774937565206919,0.049760168300033075,-1.0232961856322589,stop,False,2025-08-05 08:00:00+00:00,2025-08-07 08:00:00+00:00,"pullback|adx_min=15,of_min=0.06,tp1_r=0,trail_atr=2.5",DOTUSDT
1,0.23489,0.22787031787300469,0.029884976486846196,-1.0519793119844996,stop,False,2025-08-10 20:00:00+00:00,2025-08-11 08:00:00+00:00,"pullback|adx_min=15,of_min=0.06,tp1_r=1.5,trail_atr=2.5",DOGEUSDT
1,118480.0,116064.23729227678,0.020389624474368817,0.9143567176211549,trail,True,2025-08-10 04:00:00+00:00,2025-08-11 12:00:00+00:00,"pullback|adx_min=15,of_min=0.06,tp1_r=1.5,trail_atr=2.5",BTCUSDT
1,788.99,762.187019893398,0.03397125452363406,1.5667807643700729,trail,True,2025-08-08 00:00:00+00:00,2025-08-14 12:00:00+00:00,"pullback|adx_min=15,of_min=0.0,tp1_r=1.5,trail_atr=2.5",BNBUSDT
1,3825.67,3601.96161445227,0.058475609644253135,2.088745518532992,trail,True,2025-08-07 12:00:00+00:00,2025-08-14 12:00:00+00:00,"pullback|adx_min=15,of_min=0.06,tp1_r=1.0,trail_atr=2.5",ETHUSDT
1,21.45,20.654425104333594,0.03708973872570654,1.463247372810654,trail,True,2025-08-12 04:00:00+00:00,2025-08-14 12:00:00+00:00,"pullback|adx_min=15,of_min=0.0,tp1_r=1.5,trail_atr=2.5",LINKUSDT
1,849.08,816.8900019936121,0.03791161964289336,-1.036227992346073,stop,False,2025-08-15 04:00:00+00:00,2025-08-15 12:00:00+00:00,"pullback|adx_min=15,of_min=0.0,tp1_r=1.5,trail_atr=2.5",BNBUSDT
1,124.21,117.35674708710162,0.055174727581502055,-1.0486956222253063,stop,False,2025-08-10 16:00:00+00:00,2025-08-15 12:00:00+00:00,"pullback|adx_min=15,of_min=0.06,tp1_r=1.5,trail_atr=2.5",LTCUSDT
1,0.9588,0.8920294799566327,0.06963967463847232,-1.0242008917546266,stop,False,2025-08-17 08:00:00+00:00,2025-08-18 08:00:00+00:00,"pullback|adx_min=22,of_min=0.0,tp1_r=0,trail_atr=2.5",ADAUSDT
1,22.68,21.158145185053417,0.06710118231686872,1.2154049987249558,trail,True,2025-08-16 20:00:00+00:00,2025-08-19 00:00:00+00:00,"pullback|adx_min=15,of_min=0.0,tp1_r=1.5,trail_atr=2.5",LINKUSDT
1,838.98,816.0691879131441,0.027307935930362955,0.8948615960705371,trail,True,2025-08-17 00:00:00+00:00,2025-08-21 12:00:00+00:00,"pullback|adx_min=15,of_min=0.0,tp1_r=1.5,trail_atr=2.5",BNBUSDT
1,846.03,830.1948470642475,0.018717011141156332,1.3186834626903787,trail,True,2025-08-22 04:00:00+00:00,2025-08-24 08:00:00+00:00,"pullback|adx_min=15,of_min=0.0,tp1_r=1.5,trail_atr=2.5",BNBUSDT
1,25.908,24.88249547237007,0.03958254313841016,-1.0473009582344466,stop,False,2025-08-23 12:00:00+00:00,2025-08-25 04:00:00+00:00,"breakout|n=20,tp1_r=1.0,trail_atr=2.5,vol_mult=1.2",AVAXUSDT
1,24.687,22.276865044870032,0.09762769697127918,-0.8303154335405618,time,False,2025-08-17 12:00:00+00:00,2025-09-01 12:00:00+00:00,"pullback|adx_min=15,of_min=0.06,tp1_r=1.5,trail_atr=3.5",LINKUSDT
1,861.14,826.312437804903,0.040443554120232504,0.8881487026144651,time,False,2025-08-26 20:00:00+00:00,2025-09-10 20:00:00+00:00,"pullback|adx_min=15,of_min=0.0,tp1_r=1.5,trail_atr=2.5",BNBUSDT
1,25.909,25.18604048044664,0.027903798662756565,2.0491111657687417,trail,True,2025-09-09 08:00:00+00:00,2025-09-11 12:00:00+00:00,"breakout|n=20,tp1_r=1.0,trail_atr=2.5,vol_mult=1.2",AVAXUSDT
1,903.13,881.8692801819493,0.023541151127800745,1.1064935493450194,trail,True,2025-09-12 00:00:00+00:00,2025-09-15 08:00:00+00:00,"pullback|adx_min=15,of_min=0.0,tp1_r=1.5,trail_atr=2.5",BNBUSDT
1,4503.61,4407.585164622189,0.021321747526497774,0.9501972457505024,trail,True,2025-09-12 04:00:00+00:00,2025-09-15 08:00:00+00:00,"breakout|n=20,tp1_r=1.5,trail_atr=3.5,vol_mult=1.2",ETHUSDT
1,24.452,23.164703128822328,0.05264587236944518,-1.041275940383174,stop,False,2025-09-12 00:00:00+00:00,2025-09-15 12:00:00+00:00,"pullback|adx_min=15,of_min=0.06,tp1_r=1.5,trail_atr=3.5",LINKUSDT
1,117120.5,115860.33813509473,0.010759532830762069,-1.12941717348892,stop,False,2025-09-17 08:00:00+00:00,2025-09-17 12:00:00+00:00,"breakout|n=20,tp1_r=1.0,trail_atr=2.5,vol_mult=1.2",BTCUSDT
1,4.526,4.382868021000611,0.03162438775947604,0.7492951105785746,trail,True,2025-09-18 12:00:00+00:00,2025-09-19 04:00:00+00:00,"breakout|n=20,tp1_r=1.0,trail_atr=2.5,vol_mult=1.2",DOTUSDT
1,931.47,908.4586793791524,0.024704306763339283,1.6638623937395625,trail,True,2025-09-16 08:00:00+00:00,2025-09-19 12:00:00+00:00,"pullback|adx_min=15,of_min=0.0,tp1_r=1.5,trail_atr=2.5",BNBUSDT
1,31.827,30.52546234589947,0.04089413561129015,1.1250340042491305,trail,True,2025-09-18 00:00:00+00:00,2025-09-19 20:00:00+00:00,"breakout|n=20,tp1_r=1.0,trail_atr=2.5,vol_mult=1.2",AVAXUSDT
1,991.99,971.1668198093754,0.02099132066918478,1.8747482823095574,trail,True,2025-09-20 04:00:00+00:00,2025-09-21 16:00:00+00:00,"pullback|adx_min=15,of_min=0.0,tp1_r=1.5,trail_atr=2.5",BNBUSDT
1,241.69,235.76563154062254,0.024512261406667474,-1.0585984864140126,stop,False,2025-09-21 04:00:00+00:00,2025-09-21 20:00:00+00:00,"pullback|adx_min=15,of_min=0.06,tp1_r=1.5,trail_atr=2.5",SOLUSDT
1,24.202,22.73756296884827,0.06050892616939641,-1.0255723221289625,stop,False,2025-09-18 12:00:00+00:00,2025-09-22 00:00:00+00:00,"pullback|adx_min=15,of_min=0.06,tp1_r=1.5,trail_atr=3.5",LINKUSDT
1,1023.11,957.6574599441398,0.06397409863637366,-1.02412942368643,stop,False,2025-09-23 16:00:00+00:00,2025-09-25 16:00:00+00:00,"pullback|adx_min=15,of_min=0.0,tp1_r=1.5,trail_atr=2.5",BNBUSDT
-1,103.81,105.28306493130042,0.014190009934499698,-1.0903229111797899,stop,False,2025-09-28 04:00:00+00:00,2025-09-28 16:00:00+00:00,"pullback|adx_min=15,of_min=0.06,tp1_r=1.0,trail_atr=2.5",LTCUSDT
-1,0.7938,0.8193768965637567,0.032220832153888546,-1.0348502663477048,stop,False,2025-09-30 08:00:00+00:00,2025-10-01 08:00:00+00:00,"pullback|adx_min=22,of_min=0.0,tp1_r=0,trail_atr=2.5",ADAUSDT
-1,104.45,107.99070337565949,0.03389854835480603,-1.0367345813990236,stop,False,2025-09-30 16:00:00+00:00,2025-10-01 08:00:00+00:00,"pullback|adx_min=15,of_min=0.06,tp1_r=1.0,trail_atr=2.5",LTCUSDT
1,118697.0,117075.38754050415,0.013661781338162319,1.6827814919497597,trail,True,2025-10-02 04:00:00+00:00,2025-10-05 08:00:00+00:00,"breakout|n=20,tp1_r=1.0,trail_atr=2.5,vol_mult=1.2",BTCUSDT
1,230.79,222.87770742757553,0.034283515630765905,-1.03960216780802,stop,False,2025-10-05 04:00:00+00:00,2025-10-07 12:00:00+00:00,"pullback|adx_min=15,of_min=0.06,tp1_r=1.5,trail_atr=2.5",SOLUSDT
1,4671.24,4566.7544895638375,0.022367831761194515,-1.0797727082721889,stop,False,2025-10-06 16:00:00+00:00,2025-10-07 12:00:00+00:00,"breakout|n=20,tp1_r=1.5,trail_atr=3.5,vol_mult=1.2",ETHUSDT
-1,2.937,3.4214655526886917,0.16495252049325565,-1.0213137498828884,stop,False,2025-10-11 00:00:00+00:00,2025-10-13 20:00:00+00:00,"breakout|n=20,tp1_r=1.0,trail_atr=2.5,vol_mult=1.2",DOTUSDT
-1,98.11,102.48588917853283,0.04460186707300816,0.47379112378010463,trail,True,2025-10-14 04:00:00+00:00,2025-10-14 16:00:00+00:00,"pullback|adx_min=15,of_min=0.06,tp1_r=1.0,trail_atr=2.5",LTCUSDT
1,1228.82,1076.0181502552302,0.12434843975909385,-1.0024542012168376,stop,False,2025-10-12 12:00:00+00:00,2025-10-17 04:00:00+00:00,"pullback|adx_min=15,of_min=0.0,tp1_r=1.5,trail_atr=2.5",BNBUSDT
-1,3905.03,4135.783656327438,0.05909139144319954,-0.021324933619328728,trail,True,2025-10-16 16:00:00+00:00,2025-10-18 04:00:00+00:00,"pullback|adx_min=15,of_min=0.0,tp1_r=0,trail_atr=2.5",ETHUSDT
-1,94.66,100.92101188642327,0.06614210739935851,0.7319395497517043,trail,True,2025-10-15 16:00:00+00:00,2025-10-18 16:00:00+00:00,"pullback|adx_min=15,of_min=0.06,tp1_r=1.0,trail_atr=2.5",LTCUSDT
-1,0.6774,0.7440288310789408,0.09835965615432654,0.604745519231405,trail,True,2025-10-14 08:00:00+00:00,2025-10-19 08:00:00+00:00,"pullback|adx_min=22,of_min=0.0,tp1_r=0,trail_atr=2.5",ADAUSDT
-1,19.388,20.770212547695564,0.07129216771691575,-1.0159361757930143,stop,False,2025-10-17 08:00:00+00:00,2025-10-19 12:00:00+00:00,"breakout|n=20,tp1_r=1.0,trail_atr=2.5,vol_mult=1.2",AVAXUSDT
-1,18.117,19.54774947125733,0.07897275880429037,0.9649957761895017,trail,True,2025-10-15 16:00:00+00:00,2025-10-19 12:00:00+00:00,"pullback|adx_min=15,of_min=0.06,tp1_r=1.5,trail_atr=3.5",LINKUSDT
-1,0.6505,0.67959295459439,0.04472398861551113,-1.0302432058030206,stop,False,2025-10-21 04:00:00+00:00,2025-10-21 12:00:00+00:00,"pullback|adx_min=15,of_min=0.0,tp1_r=1.0,trail_atr=2.5",ADAUSDT
-1,0.19416,0.20362244778357966,0.04873530996899288,-1.0274668349874034,stop,False,2025-10-21 08:00:00+00:00,2025-10-21 12:00:00+00:00,"pullback|adx_min=22,of_min=0.0,tp1_r=1.0,trail_atr=3.5",DOGEUSDT
-1,3921.42,4104.632112375318,0.046720859376276375,-1.0290019194777786,stop,False,2025-10-21 04:00:00+00:00,2025-10-21 16:00:00+00:00,"pullback|adx_min=15,of_min=0.0,tp1_r=0,trail_atr=2.5",ETHUSDT
-1,92.42,97.47956062875866,0.05474530002984917,-1.0182697274373431,stop,False,2025-10-22 00:00:00+00:00,2025-10-26 04:00:00+00:00,"pullback|adx_min=15,of_min=0.06,tp1_r=1.0,trail_atr=2.5",LTCUSDT
-1,0.19417,0.2069380680874328,0.06575716170074061,-1.008379011486202,stop,False,2025-10-22 00:00:00+00:00,2025-10-26 20:00:00+00:00,"pullback|adx_min=22,of_min=0.0,tp1_r=1.0,trail_atr=3.5",DOGEUSDT
-1,3871.11,4132.2969747215975,0.06747082225036162,-1.011566919589024,stop,False,2025-10-22 00:00:00+00:00,2025-10-26 20:00:00+00:00,"pullback|adx_min=15,of_min=0.0,tp1_r=0,trail_atr=2.5",ETHUSDT
-1,0.6371,0.6896015838449532,0.08240713207495398,-1.0076947829209213,stop,False,2025-10-22 08:00:00+00:00,2025-10-27 00:00:00+00:00,"pullback|adx_min=15,of_min=0.0,tp1_r=1.0,trail_atr=2.5",ADAUSDT
-1,0.6454,0.6785972224456299,0.05143666322533305,0.9381543070403853,trail,True,2025-10-29 00:00:00+00:00,2025-11-02 04:00:00+00:00,"pullback|adx_min=15,of_min=0.0,tp1_r=1.0,trail_atr=2.5",ADAUSDT
-1,0.19352,0.2041404135312618,0.05488018567208458,0.7281770573056902,trail,True,2025-10-29 00:00:00+00:00,2025-11-02 04:00:00+00:00,"pullback|adx_min=22,of_min=0.0,tp1_r=1.0,trail_atr=3.5",DOGEUSDT
-1,0.5989,0.6216256841835259,0.03794570743617622,1.1638665621839723,trail,True,2025-11-02 16:00:00+00:00,2025-11-03 16:00:00+00:00,"pullback|adx_min=15,of_min=0.0,tp1_r=1.0,trail_atr=2.5",ADAUSDT
-1,3771.61,4019.148687972106,0.06563210087259973,1.7399617322642245,trail,True,2025-10-30 16:00:00+00:00,2025-11-05 00:00:00+00:00,"pullback|adx_min=15,of_min=0.0,tp1_r=0,trail_atr=2.5",ETHUSDT
-1,18.215,19.036122169020267,0.045079449301140107,1.3716530422546442,trail,True,2025-10-30 16:00:00+00:00,2025-11-05 12:00:00+00:00,"breakout|n=20,tp1_r=1.0,trail_atr=2.5,vol_mult=1.2",AVAXUSDT
-1,96.58,104.01957890917807,0.07703022270840823,1.0959507823785772,trail,True,2025-10-29 00:00:00+00:00,2025-11-05 12:00:00+00:00,"pullback|adx_min=15,of_min=0.06,tp1_r=1.0,trail_atr=2.5",LTCUSDT
-1,104442.9,106772.1602203218,0.02230175742268562,0.4393052581937337,trail,True,2025-11-04 08:00:00+00:00,2025-11-05 12:00:00+00:00,"breakout|n=20,tp1_r=0,trail_atr=2.5,vol_mult=1.2",BTCUSDT
-1,17.598,19.111241941595235,0.08598942729828596,1.3253274697749704,time,True,2025-10-22 00:00:00+00:00,2025-11-06 00:00:00+00:00,"pullback|adx_min=15,of_min=0.06,tp1_r=1.0,trail_atr=3.5",LINKUSDT
-1,86.7,90.60986460523543,0.045096477569036064,-1.0311414019453835,stop,False,2025-11-06 08:00:00+00:00,2025-11-07 04:00:00+00:00,"pullback|adx_min=15,of_min=0.06,tp1_r=1.0,trail_atr=2.5",LTCUSDT
-1,87.88,91.4883001969967,0.04105940142235672,-1.0347969412972908,stop,False,2025-11-07 12:00:00+00:00,2025-11-07 12:00:00+00:00,"pullback|adx_min=15,of_min=0.06,tp1_r=1.0,trail_atr=2.5",LTCUSDT
-1,0.18335,0.18962983321121693,0.03425052201372739,1.6382430665243928,trail,True,2025-11-02 16:00:00+00:00,2025-11-07 12:00:00+00:00,"pullback|adx_min=22,of_min=0.0,tp1_r=1.0,trail_atr=3.5",DOGEUSDT
-1,0.5306,0.5537899739590604,0.043705190273389406,-1.0317519183536494,stop,False,2025-11-07 12:00:00+00:00,2025-11-07 16:00:00+00:00,"pullback|adx_min=15,of_min=0.0,tp1_r=1.0,trail_atr=2.5",ADAUSDT
-1,3411.54,3513.361412049158,0.029846172710611036,-1.0428270094558216,stop,False,2025-11-08 12:00:00+00:00,2025-11-09 12:00:00+00:00,"pullback|adx_min=15,of_min=0.0,tp1_r=0,trail_atr=2.5",ETHUSDT
-1,15.094,16.156609170367325,0.07039944152426962,-1.0186274149435535,stop,False,2025-11-09 04:00:00+00:00,2025-11-10 00:00:00+00:00,"pullback|adx_min=15,of_min=0.06,tp1_r=1.0,trail_atr=3.5",LINKUSDT
-1,0.5502,0.5972547846169978,0.0855230545565208,-1.0163112291232261,stop,False,2025-11-09 04:00:00+00:00,2025-11-10 08:00:00+00:00,"pullback|adx_min=15,of_min=0.0,tp1_r=1.0,trail_atr=2.5",ADAUSDT
-1,0.17197,0.1845807314000671,0.07333099610436167,-1.0171706613050924,stop,False,2025-11-09 04:00:00+00:00,2025-11-10 08:00:00+00:00,"pullback|adx_min=22,of_min=0.0,tp1_r=1.0,trail_atr=3.5",DOGEUSDT
-1,979.17,1024.2398401252738,0.04602861620073511,1.172048345203922,trail,True,2025-11-10 16:00:00+00:00,2025-11-15 12:00:00+00:00,"pullback|adx_min=15,of_min=0.0,tp1_r=1.5,trail_atr=2.5",BNBUSDT
-1,3479.62,3667.546275673715,0.05400770074712621,1.3945923868315904,trail,True,2025-11-11 16:00:00+00:00,2025-11-17 08:00:00+00:00,"pullback|adx_min=15,of_min=0.0,tp1_r=0,trail_atr=2.5",ETHUSDT
-1,3119.47,3244.6235185124015,0.04012012249273167,-0.028667908484286603,trail,True,2025-11-17 16:00:00+00:00,2025-11-18 12:00:00+00:00,"pullback|adx_min=15,of_min=0.0,tp1_r=0,trail_atr=2.5",ETHUSDT
-1,97099.9,99848.92703587694,0.028311327157669045,1.4451091508837677,trail,True,2025-11-14 08:00:00+00:00,2025-11-18 16:00:00+00:00,"breakout|n=20,tp1_r=0,trail_atr=2.5,vol_mult=1.2",BTCUSDT
-1,932.13,955.1734321139843,0.024721264323628995,0.7087233162109703,trail,True,2025-11-16 12:00:00+00:00,2025-11-18 16:00:00+00:00,"pullback|adx_min=15,of_min=0.0,tp1_r=1.5,trail_atr=2.5",BNBUSDT
-1,0.5621,0.6108752392154806,0.08677324179946726,1.4227457749696515,trail,True,2025-11-11 20:00:00+00:00,2025-11-20 12:00:00+00:00,"pullback|adx_min=15,of_min=0.0,tp1_r=1.0,trail_atr=2.5",ADAUSDT
-1,86880.2,89687.85021656512,0.032316341543471565,0.48959705772212325,trail,True,2025-11-20 20:00:00+00:00,2025-11-23 00:00:00+00:00,"breakout|n=20,tp1_r=0,trail_atr=2.5,vol_mult=1.2",BTCUSDT
-1,894.97,946.7551675617119,0.05786246193918443,1.212881051979438,trail,True,2025-11-19 16:00:00+00:00,2025-11-23 00:00:00+00:00,"pullback|adx_min=15,of_min=0.0,tp1_r=1.5,trail_atr=2.5",BNBUSDT
-1,3072.01,3190.0478524630116,0.0384236550216345,2.0515477826049793,trail,True,2025-11-19 04:00:00+00:00,2025-11-23 00:00:00+00:00,"pullback|adx_min=15,of_min=0.0,tp1_r=0,trail_atr=2.5",ETHUSDT
-1,0.17628,0.18764707668293693,0.06448307625900235,1.715700741261,trail,True,2025-11-11 08:00:00+00:00,2025-11-24 00:00:00+00:00,"pullback|adx_min=22,of_min=0.0,tp1_r=1.0,trail_atr=3.5",DOGEUSDT
-1,0.4355,0.4759152620813408,0.09280197952087434,0.6830916130376108,trail,True,2025-11-20 20:00:00+00:00,2025-11-24 00:00:00+00:00,"pullback|adx_min=15,of_min=0.0,tp1_r=1.0,trail_atr=2.5",ADAUSDT
-1,13.163,13.902118830508938,0.056151244435838146,-1.0485162154191965,stop,False,2025-11-21 08:00:00+00:00,2025-11-24 16:00:00+00:00,"breakout|n=20,tp1_r=1.0,trail_atr=2.5,vol_mult=1.2",AVAXUSDT
-1,15.276,16.70048200517257,0.09324967302779334,1.3202730042082933,trail,True,2025-11-12 00:00:00+00:00,2025-11-24 16:00:00+00:00,"pullback|adx_min=15,of_min=0.06,tp1_r=1.0,trail_atr=3.5",LINKUSDT
-1,850.91,881.2797779091154,0.0356909401806483,-1.039681881479109,stop,False,2025-11-25 12:00:00+00:00,2025-11-26 16:00:00+00:00,"pullback|adx_min=15,of_min=0.0,tp1_r=1.5,trail_atr=2.5",BNBUSDT
-1,0.415,0.43121417016510327,0.039070289554465766,-1.036877361778432,stop,False,2025-11-26 12:00:00+00:00,2025-11-26 16:00:00+00:00,"pullback|adx_min=15,of_min=0.0,tp1_r=1.0,trail_atr=2.5",ADAUSDT
-1,86319.1,88261.45,0.0225019723328903,-0.06015294926043223,trail,True,2025-12-01 04:00:00+00:00,2025-12-01 20:00:00+00:00,"breakout|n=20,tp1_r=0,trail_atr=2.5,vol_mult=1.2",BTCUSDT
-1,86.98,94.45726834198229,0.08596537528147023,1.0572328365228132,trail,True,2025-11-20 20:00:00+00:00,2025-12-02 08:00:00+00:00,"pullback|adx_min=15,of_min=0.06,tp1_r=1.0,trail_atr=2.5",LTCUSDT
-1,873.43,905.6128672213783,0.03684653288915928,1.2825036286117935,trail,True,2025-11-29 20:00:00+00:00,2025-12-02 08:00:00+00:00,"pullback|adx_min=15,of_min=0.0,tp1_r=1.5,trail_atr=2.5",BNBUSDT
-1,0.4259,0.4414197994405238,0.03644000807824321,1.4939707613408584,trail,True,2025-11-28 04:00:00+00:00,2025-12-02 08:00:00+00:00,"pullback|adx_min=15,of_min=0.0,tp1_r=1.0,trail_atr=2.5",ADAUSDT
-1,13.014,13.478853404642157,0.03571948706332855,0.8391714165627282,trail,True,2025-11-29 20:00:00+00:00,2025-12-02 12:00:00+00:00,"pullback|adx_min=15,of_min=0.06,tp1_r=1.0,trail_atr=3.5",LINKUSDT
-1,0.15091,0.15633015618154036,0.03591648122417584,1.3398697126038244,trail,True,2025-11-28 04:00:00+00:00,2025-12-02 12:00:00+00:00,"pullback|adx_min=22,of_min=0.0,tp1_r=1.0,trail_atr=3.5",DOGEUSDT
-1,2824.81,2988.1330182933293,0.05781734640323752,-1.0211315845241533,stop,False,2025-12-01 04:00:00+00:00,2025-12-02 12:00:00+00:00,"pullback|adx_min=15,of_min=0.0,tp1_r=0,trail_atr=2.5",ETHUSDT
-1,13.706,14.090276211157462,0.028037079465742226,1.0630051963404494,trail,True,2025-12-01 00:00:00+00:00,2025-12-02 12:00:00+00:00,"breakout|n=20,tp1_r=1.0,trail_atr=2.5,vol_mult=1.2",AVAXUSDT
-1,0.12142,0.12617562067966787,0.03916669971724482,-1.0417466036609193,stop,False,2025-12-07 12:00:00+00:00,2025-12-08 08:00:00+00:00,"pullback|adx_min=15,of_min=0.0,tp1_r=1.0,trail_atr=2.5",POLUSDT
-1,0.14425,0.15175710804452497,0.05204234346291147,0.5361280622900736,trail,True,2025-12-05 12:00:00+00:00,2025-12-08 08:00:00+00:00,"pullback|adx_min=22,of_min=0.0,tp1_r=1.0,trail_atr=3.5",DOGEUSDT
-1,0.4259,0.4579763360603055,0.0753142429215908,-1.0157743067441034,stop,False,2025-12-05 16:00:00+00:00,2025-12-09 12:00:00+00:00,"pullback|adx_min=15,of_min=0.0,tp1_r=1.0,trail_atr=2.5",ADAUSDT
-1,0.12277,0.12692054581435247,0.03380749217522575,-1.042021314008133,stop,False,2025-12-08 20:00:00+00:00,2025-12-09 12:00:00+00:00,"pullback|adx_min=15,of_min=0.0,tp1_r=1.0,trail_atr=2.5",POLUSDT
-1,82.17,86.10785843216036,0.04792331060192715,-1.0250747768117054,stop,False,2025-12-05 12:00:00+00:00,2025-12-09 16:00:00+00:00,"pullback|adx_min=15,of_min=0.06,tp1_r=1.0,trail_atr=2.5",LTCUSDT
-1,12.99,13.526074274125882,0.04126822741538739,-1.0346244035346668,stop,False,2025-12-11 16:00:00+00:00,2025-12-11 20:00:00+00:00,"breakout|n=20,tp1_r=1.0,trail_atr=2.5,vol_mult=1.2",AVAXUSDT
-1,886.29,899.965432721212,0.015429975201358494,-1.087424701921892,stop,False,2025-12-12 12:00:00+00:00,2025-12-13 12:00:00+00:00,"pullback|adx_min=15,of_min=0.0,tp1_r=1.5,trail_atr=2.5",BNBUSDT
-1,0.1234,0.13114582894293547,0.0627700886785695,0.6219287503864147,trail,True,2025-12-10 12:00:00+00:00,2025-12-15 04:00:00+00:00,"pullback|adx_min=15,of_min=0.0,tp1_r=1.0,trail_atr=2.5",POLUSDT
-1,0.14324,0.15240997747248589,0.06401827333486372,0.9179530736817992,trail,True,2025-12-11 00:00:00+00:00,2025-12-17 12:00:00+00:00,"pullback|adx_min=22,of_min=0.0,tp1_r=1.0,trail_atr=3.5",DOGEUSDT
-1,0.11389,0.12160806736403491,0.0677677352184995,0.6103357259181116,trail,True,2025-12-15 16:00:00+00:00,2025-12-18 12:00:00+00:00,"pullback|adx_min=15,of_min=0.0,tp1_r=1.0,trail_atr=2.5",POLUSDT
-1,80.6,85.93187649112541,0.06615231378567511,0.8102866106808855,trail,True,2025-12-11 04:00:00+00:00,2025-12-19 12:00:00+00:00,"pullback|adx_min=15,of_min=0.06,tp1_r=1.0,trail_atr=2.5",LTCUSDT
-1,877.6,903.0825053441359,0.02903658311774831,1.158452708901794,trail,True,2025-12-15 00:00:00+00:00,2025-12-19 12:00:00+00:00,"pullback|adx_min=15,of_min=0.0,tp1_r=1.5,trail_atr=2.5",BNBUSDT
-1,1.816,1.892263313456695,0.041995216661175665,0.4598337474493063,trail,True,2025-12-17 20:00:00+00:00,2025-12-19 12:00:00+00:00,"breakout|n=20,tp1_r=1.0,trail_atr=2.5,vol_mult=1.2",DOTUSDT
-1,0.10217,0.11171478163128402,0.09342058952025083,-1.0206947357385825,stop,False,2025-12-18 20:00:00+00:00,2025-12-20 08:00:00+00:00,"pullback|adx_min=15,of_min=0.0,tp1_r=1.0,trail_atr=2.5",POLUSDT
-1,1.8052,1.941913135027872,0.07573295758246847,-1.0192754002604234,stop,False,2025-12-18 20:00:00+00:00,2025-12-20 08:00:00+00:00,"pullback|adx_min=15,of_min=0.06,tp1_r=1.0,trail_atr=2.5",XRPUSDT
-1,13.267,13.859008834573515,0.04462266032814623,1.0673266419852434,trail,True,2025-12-15 00:00:00+00:00,2025-12-21 08:00:00+00:00,"pullback|adx_min=15,of_min=0.06,tp1_r=1.0,trail_atr=3.5",LINKUSDT
-1,0.3728,0.38265763306336925,0.026442148775132054,0.7088780137752515,trail,True,2025-12-21 00:00:00+00:00,2025-12-22 00:00:00+00:00,"pullback|adx_min=22,of_min=0.0,tp1_r=1.5,trail_atr=2.5",ADAUSDT
-1,850.71,862.6948887597171,0.014088101420833212,-1.098572662810405,stop,False,2025-12-21 04:00:00+00:00,2025-12-22 00:00:00+00:00,"pullback|adx_min=15,of_min=0.0,tp1_r=1.5,trail_atr=2.5",BNBUSDT
-1,11.75,12.844426614970333,0.093142690635773,-1.0114428719652602,stop,False,2025-12-18 20:00:00+00:00,2025-12-22 12:00:00+00:00,"pullback|adx_min=22,of_min=0.06,tp1_r=1.0,trail_atr=3.5",LINKUSDT
-1,12.187,12.607528477628493,0.03450631637224043,-1.0438193519455752,stop,False,2025-12-23 08:00:00+00:00,2025-12-26 00:00:00+00:00,"pullback|adx_min=15,of_min=0.06,tp1_r=1.5,trail_atr=3.5",AVAXUSDT
-1,1.682,1.7350194631543736,0.03152167845087614,-1.0524110788545176,stop,False,2025-12-26 00:00:00+00:00,2025-12-26 00:00:00+00:00,"breakout|n=20,tp1_r=1.0,trail_atr=2.5,vol_mult=1.2",DOTUSDT
-1,87531.3,89238.92387893939,0.019508722924706737,-1.0454066680564442,stop,False,2025-12-23 08:00:00+00:00,2025-12-26 00:00:00+00:00,"breakout|n=20,tp1_r=1.0,trail_atr=2.5,vol_mult=1.2",BTCUSDT
-1,0.3683,0.38439067592421494,0.043689046766806745,1.053553816839052,trail,True,2025-12-22 20:00:00+00:00,2025-12-27 12:00:00+00:00,"pullback|adx_min=22,of_min=0.0,tp1_r=1.5,trail_atr=2.5",ADAUSDT
-1,0.10893,0.11272048411421955,0.03479743059046679,0.7620142459796737,trail,True,2025-12-21 04:00:00+00:00,2025-12-27 20:00:00+00:00,"pullback|adx_min=15,of_min=0.0,tp1_r=1.0,trail_atr=2.5",POLUSDT
-1,75.9,79.74632440143407,0.05067621082258313,-1.0117150303453877,stop,False,2025-12-21 16:00:00+00:00,2025-12-27 20:00:00+00:00,"pullback|adx_min=15,of_min=0.0,tp1_r=1.5,trail_atr=3.5",LTCUSDT
-1,1.9037,1.95746546759157,0.028242615743851434,0.7249421966354156,trail,True,2025-12-21 16:00:00+00:00,2025-12-28 12:00:00+00:00,"pullback|adx_min=15,of_min=0.06,tp1_r=1.0,trail_atr=2.5",XRPUSDT
-1,123.22,125.44432485092533,0.018051654365568316,-1.0782552185771048,stop,False,2025-12-28 20:00:00+00:00,2025-12-28 20:00:00+00:00,"pullback|adx_min=15,of_min=0.06,tp1_r=1.5,trail_atr=3.5",SOLUSDT
-1,12.441,13.021122034874319,0.046629855708891395,-1.0065872153007254,stop,False,2025-12-22 20:00:00+00:00,2025-12-29 04:00:00+00:00,"pullback|adx_min=22,of_min=0.06,tp1_r=1.0,trail_atr=3.5",LINKUSDT
-1,3009.48,3192.900496654591,0.06094757122645467,0.2166237803969297,time,False,2025-12-15 16:00:00+00:00,2025-12-30 16:00:00+00:00,"pullback|adx_min=15,of_min=0.0,tp1_r=1.5,trail_atr=2.5",ETHUSDT
-1,848.99,874.2492150312638,0.029752076033008407,-1.0333121780182175,stop,False,2025-12-23 08:00:00+00:00,2025-12-31 12:00:00+00:00,"pullback|adx_min=15,of_min=0.0,tp1_r=1.5,trail_atr=2.5",BNBUSDT
-1,0.10608,0.11013560575058959,0.038231577588514275,0.8600218739471764,trail,True,2025-12-29 16:00:00+00:00,2026-01-01 12:00:00+00:00,"pullback|adx_min=15,of_min=0.0,tp1_r=1.0,trail_atr=2.5",POLUSDT
-1,0.1264,0.1355586328846739,0.0724575386445719,0.7453876385140914,trail,True,2025-12-17 20:00:00+00:00,2026-01-01 12:00:00+00:00,"pullback|adx_min=22,of_min=0.0,tp1_r=1.0,trail_atr=3.5",DOGEUSDT
-1,12.364,13.062421035661538,0.056488275288057055,-1.0344052244964284,stop,False,2025-12-30 00:00:00+00:00,2026-01-01 16:00:00+00:00,"pullback|adx_min=15,of_min=0.06,tp1_r=1.5,trail_atr=3.5",AVAXUSDT
-1,124.19,127.82583399010053,0.02927638288187887,-1.0437428856284696,stop,False,2026-01-01 08:00:00+00:00,2026-01-02 00:00:00+00:00,"pullback|adx_min=15,of_min=0.06,tp1_r=1.5,trail_atr=3.5",SOLUSDT
-1,12.392,13.085078622035502,0.05592952082274872,-1.0180141122211461,stop,False,2025-12-29 16:00:00+00:00,2026-01-02 08:00:00+00:00,"pullback|adx_min=22,of_min=0.06,tp1_r=1.0,trail_atr=3.5",LINKUSDT
-1,77.8,80.50649610418661,0.034787867663067004,-1.0182739429021992,stop,False,2025-12-29 12:00:00+00:00,2026-01-02 08:00:00+00:00,"pullback|adx_min=15,of_min=0.0,tp1_r=1.5,trail_atr=3.5",LTCUSDT
-1,0.3528,0.37827713821987285,0.07221411060054664,-1.020516348745409,stop,False,2025-12-29 20:00:00+00:00,2026-01-02 16:00:00+00:00,"pullback|adx_min=22,of_min=0.0,tp1_r=1.5,trail_atr=2.5",ADAUSDT
-1,77.86,79.9514710010193,0.02686194452888904,-1.0528183415628884,stop,False,2026-01-14 12:00:00+00:00,2026-01-14 12:00:00+00:00,"pullback|adx_min=15,of_min=0.0,tp1_r=1.5,trail_atr=3.5",LTCUSDT
1,0.16083,0.1465094257861366,0.08904168509521483,-1.0133707130447975,stop,False,2026-01-13 20:00:00+00:00,2026-01-16 08:00:00+00:00,"pullback|adx_min=15,of_min=0.0,tp1_r=1.0,trail_atr=2.5",POLUSDT
-1,77.5,81.34259489373602,0.04958186959659381,1.047428991809574,trail,True,2026-01-14 20:00:00+00:00,2026-01-18 04:00:00+00:00,"pullback|adx_min=15,of_min=0.0,tp1_r=1.5,trail_atr=3.5",LTCUSDT
1,3294.77,3238.2541203206038,0.01715320938317279,-1.0966030738864145,stop,False,2026-01-17 00:00:00+00:00,2026-01-19 00:00:00+00:00,"pullback|adx_min=15,of_min=0.0,tp1_r=1.5,trail_atr=2.5",ETHUSDT
1,938.54,921.1437962964101,0.018535388692639515,-1.077403028968304,stop,False,2026-01-17 00:00:00+00:00,2026-01-19 00:00:00+00:00,"pullback|adx_min=15,of_min=0.0,tp1_r=1.5,trail_atr=2.5",BNBUSDT
-1,88390.7,89941.62717733477,0.01754627101419914,-1.0747898165170247,stop,False,2026-01-21 00:00:00+00:00,2026-01-21 04:00:00+00:00,"breakout|n=20,tp1_r=1.0,trail_atr=2.5,vol_mult=1.2",BTCUSDT
-1,1.943,1.9986436817553515,0.028638024578153058,0.46252809984803106,trail,True,2026-01-22 12:00:00+00:00,2026-01-23 16:00:00+00:00,"pullback|adx_min=15,of_min=0.06,tp1_r=1.0,trail_atr=2.5",XRPUSDT
-1,67.99,70.09000891086554,0.030887026193051042,-1.044955150737287,stop,False,2026-01-22 16:00:00+00:00,2026-01-25 08:00:00+00:00,"pullback|adx_min=15,of_min=0.0,tp1_r=1.5,trail_atr=3.5",LTCUSDT
-1,86459.4,87769.31616589805,0.015150650662600705,-1.0904208991396982,stop,False,2026-01-25 20:00:00+00:00,2026-01-26 00:00:00+00:00,"breakout|n=20,tp1_r=1.0,trail_atr=2.5,vol_mult=1.2",BTCUSDT
-1,1.79,1.8530937182170368,0.035247887272087594,-1.0428077719791544,stop,False,2026-01-25 20:00:00+00:00,2026-01-26 00:00:00+00:00,"breakout|n=20,tp1_r=1.0,trail_atr=2.5,vol_mult=1.2",DOTUSDT
-1,1.8996,1.9330643249187365,0.017616511328035652,0.7466503066137428,trail,True,2026-01-25 04:00:00+00:00,2026-01-26 00:00:00+00:00,"pullback|adx_min=15,of_min=0.06,tp1_r=1.0,trail_atr=2.5",XRPUSDT
-1,127.84,131.47290892531063,0.028417623007748985,1.1880055714297124,trail,True,2026-01-23 08:00:00+00:00,2026-01-26 12:00:00+00:00,"pullback|adx_min=15,of_min=0.06,tp1_r=1.5,trail_atr=3.5",SOLUSDT
-1,0.12363,0.12834862105707692,0.03816728186586523,0.47113369834180524,trail,True,2026-01-24 16:00:00+00:00,2026-01-26 12:00:00+00:00,"pullback|adx_min=22,of_min=0.0,tp1_r=1.0,trail_atr=3.5",DOGEUSDT
-1,12.378,12.73168315788645,0.02857353028651242,0.9580745833104829,trail,True,2026-01-22 12:00:00+00:00,2026-01-26 12:00:00+00:00,"pullback|adx_min=22,of_min=0.06,tp1_r=1.0,trail_atr=3.5",LINKUSDT
-1,65.97,70.0605139566544,0.06200566858654548,-1.0194044189093974,stop,False,2026-01-25 20:00:00+00:00,2026-01-27 00:00:00+00:00,"pullback|adx_min=15,of_min=0.0,tp1_r=1.5,trail_atr=3.5",LTCUSDT
-1,880.79,890.7374431394875,0.01129377392963989,-1.1190891238066099,stop,False,2026-01-27 12:00:00+00:00,2026-01-27 16:00:00+00:00,"pullback|adx_min=15,of_min=0.0,tp1_r=1.5,trail_atr=2.5",BNBUSDT
-1,0.3503,0.36015284370152634,0.028126873255855944,-1.0441719490103805,stop,False,2026-01-27 12:00:00+00:00,2026-01-27 20:00:00+00:00,"pullback|adx_min=22,of_min=0.0,tp1_r=1.5,trail_atr=2.5",ADAUSDT
-1,84897.9,86744.50575644235,0.021750900274828396,0.5441499563460167,trail,True,2026-01-29 16:00:00+00:00,2026-01-30 16:00:00+00:00,"breakout|n=20,tp1_r=1.0,trail_atr=2.5,vol_mult=1.2",BTCUSDT
-1,1.8747,1.9493576605470024,0.03982379076492367,2.0799241047469574,trail,True,2026-01-29 04:00:00+00:00,2026-01-31 20:00:00+00:00,"pullback|adx_min=15,of_min=0.06,tp1_r=1.0,trail_atr=2.5",XRPUSDT
-1,1.73,1.7939789713651109,0.036982064372896466,1.9103499503269994,trail,True,2026-01-29 16:00:00+00:00,2026-01-31 20:00:00+00:00,"breakout|n=20,tp1_r=1.0,trail_atr=2.5,vol_mult=1.2",DOTUSDT
-1,0.11676,0.12206123628307637,0.04540284586396342,1.8023304696845754,trail,True,2026-01-28 16:00:00+00:00,2026-01-31 20:00:00+00:00,"pullback|adx_min=15,of_min=0.0,tp1_r=1.0,trail_atr=2.5",POLUSDT
-1,2951.4,3057.48539750396,0.03594409348240155,3.174988948901808,trail,True,2026-01-29 04:00:00+00:00,2026-01-31 20:00:00+00:00,"pullback|adx_min=15,of_min=0.0,tp1_r=1.5,trail_atr=2.5",ETHUSDT
-1,0.3508,0.3666690119899657,0.045236636231373174,2.442700077962719,trail,True,2026-01-29 04:00:00+00:00,2026-02-01 00:00:00+00:00,"pullback|adx_min=22,of_min=0.0,tp1_r=1.5,trail_atr=2.5",ADAUSDT
-1,77707.9,80391.38055687252,0.034532918234472014,0.46692078843669094,trail,True,2026-01-31 20:00:00+00:00,2026-02-02 08:00:00+00:00,"breakout|n=20,tp1_r=1.0,trail_atr=2.5,vol_mult=1.2",BTCUSDT
-1,0.12216,0.12824777523808173,0.04983444039032191,1.7023828816080262,trail,True,2026-01-29 04:00:00+00:00,2026-02-02 12:00:00+00:00,"pullback|adx_min=22,of_min=0.0,tp1_r=1.0,trail_atr=3.5",DOGEUSDT
-1,12.157,12.790567235706334,0.052115426150064474,2.1956041236077173,trail,True,2026-01-22 16:00:00+00:00,2026-02-02 12:00:00+00:00,"pullback|adx_min=15,of_min=0.06,tp1_r=1.5,trail_atr=3.5",AVAXUSDT
-1,845.78,886.0623561510264,0.04762746358512429,1.5265269128670664,trail,True,2026-01-30 04:00:00+00:00,2026-02-02 16:00:00+00:00,"pullback|adx_min=15,of_min=0.0,tp1_r=1.5,trail_atr=2.5",BNBUSDT
-1,768.85,788.4715987906707,0.025520711179905894,0.705088559827225,trail,True,2026-02-03 12:00:00+00:00,2026-02-03 20:00:00+00:00,"pullback|adx_min=15,of_min=0.0,tp1_r=1.5,trail_atr=2.5",BNBUSDT
-1,68.95,70.74124613045312,0.025978914147253337,3.0742276032755873,trail,True,2026-01-28 16:00:00+00:00,2026-02-03 20:00:00+00:00,"pullback|adx_min=15,of_min=0.0,tp1_r=1.5,trail_atr=3.5",LTCUSDT
-1,0.2864,0.30759392439696326,0.07400113267096114,1.4926032990054023,trail,True,2026-02-04 16:00:00+00:00,2026-02-06 04:00:00+00:00,"pullback|adx_min=22,of_min=0.0,tp1_r=1.5,trail_atr=2.5",ADAUSDT
-1,750.76,787.7163867331531,0.0492253006728556,2.2152955192243966,trail,True,2026-02-04 12:00:00+00:00,2026-02-06 04:00:00+00:00,"pullback|adx_min=15,of_min=0.0,tp1_r=1.5,trail_atr=2.5",BNBUSDT
-1,1.543,1.6466071849962323,0.06714658781350119,1.6310483529331945,trail,True,2026-02-04 16:00:00+00:00,2026-02-06 04:00:00+00:00,"pullback|adx_min=15,of_min=0.06,tp1_r=1.0,trail_atr=2.5",XRPUSDT
-1,71199.0,74010.29657341001,0.03948505700094122,1.3816685377221019,trail,True,2026-02-05 04:00:00+00:00,2026-02-06 04:00:00+00:00,"breakout|n=20,tp1_r=1.0,trail_atr=2.5,vol_mult=1.2",BTCUSDT
-1,0.10984,0.11989208689796597,0.09151572194069539,1.044422536304818,trail,True,2026-02-03 20:00:00+00:00,2026-02-06 04:00:00+00:00,"pullback|adx_min=15,of_min=0.0,tp1_r=1.0,trail_atr=2.5",POLUSDT
-1,58.16,61.826912359746736,0.06304869944543912,1.3654975395313034,trail,True,2026-02-04 16:00:00+00:00,2026-02-06 12:00:00+00:00,"pullback|adx_min=15,of_min=0.0,tp1_r=1.5,trail_atr=3.5",LTCUSDT
-1,9.72,10.433428233412977,0.07339796640051198,1.247054860325754,trail,True,2026-02-04 16:00:00+00:00,2026-02-06 12:00:00+00:00,"pullback|adx_min=15,of_min=0.06,tp1_r=1.5,trail_atr=3.5",AVAXUSDT
-1,2253.73,2376.696560593722,0.05456135410795529,1.759222279279224,trail,True,2026-02-04 12:00:00+00:00,2026-02-06 12:00:00+00:00,"pullback|adx_min=15,of_min=0.0,tp1_r=1.5,trail_atr=2.5",ETHUSDT
-1,0.10726,0.11149448713359322,0.03947871651681176,1.7360706365630436,trail,True,2026-02-04 12:00:00+00:00,2026-02-06 12:00:00+00:00,"pullback|adx_min=22,of_min=0.0,tp1_r=1.0,trail_atr=3.5",DOGEUSDT
-1,122.99,128.81990863372098,0.047401484947727376,4.016119540678595,trail,True,2026-01-29 04:00:00+00:00,2026-02-06 12:00:00+00:00,"pullback|adx_min=15,of_min=0.06,tp1_r=1.5,trail_atr=3.5",SOLUSDT
-1,11.756,12.234708218893013,0.0407203316513281,3.756190503142945,trail,True,2026-01-28 16:00:00+00:00,2026-02-06 16:00:00+00:00,"pullback|adx_min=22,of_min=0.06,tp1_r=1.0,trail_atr=3.5",LINKUSDT
-1,2026.09,2143.906646445528,0.05814975960866904,-1.025488236610098,stop,False,2026-02-07 08:00:00+00:00,2026-02-08 12:00:00+00:00,"pullback|adx_min=15,of_min=0.0,tp1_r=1.5,trail_atr=2.5",ETHUSDT
-1,8.823,9.125627513415418,0.03429984284431802,0.46606894028646073,trail,True,2026-02-08 04:00:00+00:00,2026-02-09 16:00:00+00:00,"pullback|adx_min=22,of_min=0.06,tp1_r=1.0,trail_atr=3.5",LINKUSDT
-1,1.238,1.2938243843534845,0.045092394469696664,-1.0356240713100369,stop,False,2026-02-11 08:00:00+00:00,2026-02-11 12:00:00+00:00,"breakout|n=20,tp1_r=1.0,trail_atr=2.5,vol_mult=1.2",DOTUSDT
-1,0.09244,0.09881380748468646,0.06895075167337156,-1.0652189485543782,stop,False,2026-02-09 12:00:00+00:00,2026-02-13 00:00:00+00:00,"pullback|adx_min=22,of_min=0.06,tp1_r=1.5,trail_atr=2.5",POLUSDT
-1,0.09578,0.10328660811253493,0.078373440306274,0.5036409693822599,trail,True,2026-02-07 08:00:00+00:00,2026-02-13 12:00:00+00:00,"pullback|adx_min=22,of_min=0.0,tp1_r=1.0,trail_atr=3.5",DOGEUSDT
-1,8.683,9.083773642464637,0.046156126046831406,0.47997081933485225,trail,True,2026-02-10 04:00:00+00:00,2026-02-13 12:00:00+00:00,"pullback|adx_min=22,of_min=0.06,tp1_r=1.0,trail_atr=3.5",LINKUSDT
-1,85.24,90.87622069352918,0.06612178195130435,0.7432132991307305,trail,True,2026-02-07 08:00:00+00:00,2026-02-13 16:00:00+00:00,"pullback|adx_min=15,of_min=0.06,tp1_r=1.5,trail_atr=3.5",SOLUSDT
-1,631.85,657.5673314712232,0.04070164037544217,0.9508775826391244,trail,True,2026-02-09 08:00:00+00:00,2026-02-13 16:00:00+00:00,"pullback|adx_min=15,of_min=0.0,tp1_r=1.5,trail_atr=2.5",BNBUSDT
-1,67000.0,69410.63658346888,0.03597965049953548,-1.040700388553485,stop,False,2026-02-11 08:00:00+00:00,2026-02-13 16:00:00+00:00,"breakout|n=20,tp1_r=1.0,trail_atr=2.5,vol_mult=1.2",BTCUSDT
-1,8.99,9.563294374069196,0.06377023070847562,-1.0355349061203059,stop,False,2026-02-07 08:00:00+00:00,2026-02-14 16:00:00+00:00,"pullback|adx_min=15,of_min=0.06,tp1_r=1.5,trail_atr=3.5",AVAXUSDT
-1,0.2681,0.2872221525800364,0.07132470190241108,-1.0253774252545524,stop,False,2026-02-07 08:00:00+00:00,2026-02-14 16:00:00+00:00,"pullback|adx_min=22,of_min=0.0,tp1_r=1.5,trail_atr=2.5",ADAUSDT
-1,1.4129,1.5619381205746492,0.105483842150647,-1.0299680844483352,stop,False,2026-02-07 08:00:00+00:00,2026-02-15 04:00:00+00:00,"pullback|adx_min=15,of_min=0.06,tp1_r=1.0,trail_atr=2.5",XRPUSDT
-1,54.16,56.90952739207515,0.0507667539157155,0.09942240062456041,trail,True,2026-02-16 08:00:00+00:00,2026-02-20 08:00:00+00:00,"pullback|adx_min=22,of_min=0.06,tp1_r=0,trail_atr=2.5",LTCUSDT
-1,8.765,9.038506096778576,0.031204346466466127,0.4618546869221403,trail,True,2026-02-17 12:00:00+00:00,2026-02-20 12:00:00+00:00,"pullback|adx_min=22,of_min=0.06,tp1_r=1.0,trail_atr=3.5",LINKUSDT
-1,621.57,645.5691384948423,0.03861051610412699,0.5192089738269416,trail,True,2026-02-15 16:00:00+00:00,2026-02-20 16:00:00+00:00,"pullback|adx_min=15,of_min=0.06,tp1_r=1.0,trail_atr=2.5",BNBUSDT
-1,0.2734,0.2891817075953433,0.05772387562305527,-1.0257312368046005,stop,False,2026-02-18 20:00:00+00:00,2026-02-20 16:00:00+00:00,"pullback|adx_min=22,of_min=0.06,tp1_r=1.5,trail_atr=2.5",ADAUSDT
-1,53.58,56.993205888300494,0.0637029841041526,-0.3226527790705145,time,False,2026-02-07 08:00:00+00:00,2026-02-22 08:00:00+00:00,"pullback|adx_min=15,of_min=0.0,tp1_r=1.5,trail_atr=3.5",LTCUSDT
-1,0.277,0.2878381009264681,0.03912671814609417,0.9748526477691373,trail,True,2026-02-22 04:00:00+00:00,2026-02-23 08:00:00+00:00,"pullback|adx_min=22,of_min=0.06,tp1_r=1.5,trail_atr=2.5",ADAUSDT
-1,2027.44,2169.8935666434327,0.07026277800745404,1.3464736186780049,time,True,2026-02-09 12:00:00+00:00,2026-02-24 12:00:00+00:00,"pullback|adx_min=15,of_min=0.0,tp1_r=1.5,trail_atr=2.5",ETHUSDT
-1,85.28,91.740130983408,0.07575200496491549,0.9772692774217636,trail,True,2026-02-15 20:00:00+00:00,2026-02-25 00:00:00+00:00,"pullback|adx_min=22,of_min=0.0,tp1_r=1.5,trail_atr=3.5",SOLUSDT
-1,8.638,9.028362596100646,0.045191316983172705,0.4943776859447449,trail,True,2026-02-22 20:00:00+00:00,2026-02-25 00:00:00+00:00,"pullback|adx_min=22,of_min=0.06,tp1_r=1.0,trail_atr=3.5",LINKUSDT
-1,63570.5,65181.65482377661,0.0253443786626912,-1.0555445088553772,stop,False,2026-02-24 04:00:00+00:00,2026-02-25 00:00:00+00:00,"breakout|n=55,tp1_r=1.5,trail_atr=2.5,vol_mult=1.2",BTCUSDT
-1,1.338,1.4402505833049413,0.07642046584823706,0.5460651906534674,trail,True,2026-02-15 20:00:00+00:00,2026-02-25 08:00:00+00:00,"pullback|adx_min=15,of_min=0.0,tp1_r=1.0,trail_atr=3.5",DOTUSDT
-1,9.178,9.781754121721262,0.06578275460026813,1.0294753436675559,trail,True,2026-02-15 20:00:00+00:00,2026-02-25 08:00:00+00:00,"pullback|adx_min=15,of_min=0.06,tp1_r=1.5,trail_atr=3.5",AVAXUSDT
-1,51.32,54.21442455690869,0.056399543197753095,-1.0293374659868584,stop,False,2026-02-23 04:00:00+00:00,2026-02-25 12:00:00+00:00,"pullback|adx_min=22,of_min=0.06,tp1_r=0,trail_atr=2.5",LTCUSDT
-1,589.77,617.8175625106888,0.04755678062751389,-1.030138493975558,stop,False,2026-02-23 04:00:00+00:00,2026-02-25 12:00:00+00:00,"pullback|adx_min=15,of_min=0.06,tp1_r=1.0,trail_atr=2.5",BNBUSDT
-1,1.4532,1.5964879099430391,0.09860164460710094,0.8178847828738903,trail,True,2026-02-15 20:00:00+00:00,2026-02-28 16:00:00+00:00,"pullback|adx_min=22,of_min=0.06,tp1_r=1.0,trail_atr=2.5",XRPUSDT
-1,0.0995,0.10951731434609789,0.10067652609143603,0.6402964948761828,trail,True,2026-02-16 16:00:00+00:00,2026-03-01 00:00:00+00:00,"pullback|adx_min=15,of_min=0.06,tp1_r=1.0,trail_atr=3.5",DOGEUSDT
-1,597.29,629.4551945159543,0.05385188855657108,-1.0266972312489897,stop,False,2026-02-28 08:00:00+00:00,2026-03-01 00:00:00+00:00,"pullback|adx_min=15,of_min=0.06,tp1_r=1.0,trail_atr=2.5",BNBUSDT
-1,83.52,89.23407458598732,0.06841564398931177,-1.0295833062845792,stop,False,2026-02-27 12:00:00+00:00,2026-03-02 16:00:00+00:00,"pullback|adx_min=22,of_min=0.0,tp1_r=1.5,trail_atr=3.5",SOLUSDT
-1,53.91,55.80520820222821,0.035155039922615684,-1.035740210527753,stop,False,2026-03-01 12:00:00+00:00,2026-03-04 08:00:00+00:00,"pullback|adx_min=22,of_min=0.06,tp1_r=0,trail_atr=2.5",LTCUSDT
-1,8.688,9.268011432158762,0.0667600635541852,-1.018217358997881,stop,False,2026-03-01 20:00:00+00:00,2026-03-04 08:00:00+00:00,"pullback|adx_min=22,of_min=0.06,tp1_r=1.0,trail_atr=3.5",LINKUSDT
-1,8.946,9.487391690225996,0.060517738679409384,-1.02090548068522,stop,False,2026-03-01 20:00:00+00:00,2026-03-04 08:00:00+00:00,"pullback|adx_min=15,of_min=0.06,tp1_r=1.5,trail_atr=3.5",AVAXUSDT
-1,1.3727,1.4319886003199664,0.04319122919790661,-1.0363491359147199,stop,False,2026-03-03 04:00:00+00:00,2026-03-04 12:00:00+00:00,"pullback|adx_min=22,of_min=0.06,tp1_r=1.0,trail_atr=2.5",XRPUSDT
-1,1960.79,2095.6503113780523,0.06877855934498457,-1.0292799821735197,stop,False,2026-02-27 12:00:00+00:00,2026-03-04 12:00:00+00:00,"pullback|adx_min=15,of_min=0.0,tp1_r=1.5,trail_atr=2.5",ETHUSDT
-1,1.3445,1.3761538675080764,0.023543226112366245,-1.0815907832304121,stop,False,2026-03-08 16:00:00+00:00,2026-03-09 16:00:00+00:00,"pullback|adx_min=22,of_min=0.06,tp1_r=1.0,trail_atr=2.5",XRPUSDT
-1,0.09018,0.09710282128865645,0.07676670313435857,-1.0340527414290381,stop,False,2026-03-06 16:00:00+00:00,2026-03-10 12:00:00+00:00,"pullback|adx_min=15,of_min=0.06,tp1_r=1.0,trail_atr=3.5",DOGEUSDT
-1,84.5,89.26163031831574,0.056350654654624126,-1.0282412949416844,stop,False,2026-03-11 12:00:00+00:00,2026-03-13 00:00:00+00:00,"pullback|adx_min=22,of_min=0.0,tp1_r=1.5,trail_atr=3.5",SOLUSDT
-1,0.2706,0.29005032874677256,0.07187852456309146,-1.0415728478757413,stop,False,2026-03-02 08:00:00+00:00,2026-03-16 04:00:00+00:00,"pullback|adx_min=22,of_min=0.06,tp1_r=1.5,trail_atr=2.5",ADAUSDT
-1,0.09396,0.09550280335089346,0.01641978874939828,0.41609435162949054,trail,True,2026-03-21 12:00:00+00:00,2026-03-23 08:00:00+00:00,"pullback|adx_min=15,of_min=0.06,tp1_r=1.0,trail_atr=3.5",DOGEUSDT
-1,630.29,648.1583043950034,0.02834933823319965,-1.054225764429413,stop,False,2026-03-22 00:00:00+00:00,2026-03-23 08:00:00+00:00,"pullback|adx_min=15,of_min=0.06,tp1_r=1.0,trail_atr=2.5",BNBUSDT
-1,9.501,9.68571222082477,0.019441345208375028,0.7705357846328966,trail,True,2026-03-21 12:00:00+00:00,2026-03-23 08:00:00+00:00,"pullback|adx_min=15,of_min=0.06,tp1_r=1.5,trail_atr=3.5",AVAXUSDT
-1,632.7,652.9504810748923,0.03200645025271418,-1.044441183072349,stop,False,2026-03-24 04:00:00+00:00,2026-03-25 12:00:00+00:00,"pullback|adx_min=15,of_min=0.06,tp1_r=1.0,trail_atr=2.5",BNBUSDT
-1,1993.48,2058.288162290887,0.03251006395393339,-1.0471917572029916,stop,False,2026-03-29 00:00:00+00:00,2026-03-30 04:00:00+00:00,"pullback|adx_min=15,of_min=0.0,tp1_r=1.5,trail_atr=2.5",ETHUSDT
-1,66663.3,68393.81875104105,0.025959092199771792,-1.0645462234058622,stop,False,2026-03-27 12:00:00+00:00,2026-03-31 16:00:00+00:00,"breakout|n=55,tp1_r=1.5,trail_atr=2.5,vol_mult=1.2",BTCUSDT
-1,2022.69,2096.5604714646606,0.036520906053157214,-1.038748617906068,stop,False,2026-03-30 20:00:00+00:00,2026-03-31 16:00:00+00:00,"pullback|adx_min=15,of_min=0.0,tp1_r=1.5,trail_atr=2.5",ETHUSDT
-1,8.797,9.12103524557826,0.036834744296721636,-1.0315800840542617,stop,False,2026-03-30 20:00:00+00:00,2026-04-01 04:00:00+00:00,"pullback|adx_min=15,of_min=0.06,tp1_r=1.5,trail_atr=3.5",AVAXUSDT
-1,8.765,9.397840618246327,0.07220086916672297,-1.018882468094235,stop,False,2026-04-02 04:00:00+00:00,2026-04-06 00:00:00+00:00,"pullback|adx_min=15,of_min=0.06,tp1_r=1.5,trail_atr=3.5",AVAXUSDT
-1,1.395,1.4964640626784063,0.07273409510996863,1.0259519628607228,trail,True,2026-03-24 12:00:00+00:00,2026-04-06 04:00:00+00:00,"pullback|adx_min=15,of_min=0.0,tp1_r=1.0,trail_atr=3.5",DOTUSDT
-1,0.09012,0.09502991331708295,0.054481949812283006,-1.0144592359044207,stop,False,2026-03-29 16:00:00+00:00,2026-04-07 20:00:00+00:00,"pullback|adx_min=15,of_min=0.06,tp1_r=1.0,trail_atr=3.5",DOGEUSDT
-1,592.3,618.369201764262,0.044013509647580724,-1.0292941750630007,stop,False,2026-04-02 04:00:00+00:00,2026-04-07 20:00:00+00:00,"pullback|adx_min=15,of_min=0.06,tp1_r=1.0,trail_atr=2.5",BNBUSDT
-1,1.24,1.3137146135161748,0.0594472689646571,-1.031714208593773,stop,False,2026-04-07 00:00:00+00:00,2026-04-07 20:00:00+00:00,"pullback|adx_min=15,of_min=0.0,tp1_r=1.0,trail_atr=3.5",DOTUSDT
-1,1.268,1.3422948031208803,0.058592116025930854,-1.0355804606936454,stop,False,2026-04-09 00:00:00+00:00,2026-04-09 20:00:00+00:00,"pullback|adx_min=15,of_min=0.0,tp1_r=1.0,trail_atr=3.5",DOTUSDT
-1,595.76,616.323326324775,0.034516124487671315,-1.0412607530040072,stop,False,2026-04-12 04:00:00+00:00,2026-04-13 20:00:00+00:00,"pullback|adx_min=15,of_min=0.06,tp1_r=1.0,trail_atr=2.5",BNBUSDT
-1,1.241,1.3222656404198443,0.0654839971151041,0.3395453007812524,trail,True,2026-04-12 04:00:00+00:00,2026-04-16 04:00:00+00:00,"pullback|adx_min=15,of_min=0.0,tp1_r=1.0,trail_atr=3.5",DOTUSDT
1,79234.3,77646.12641932414,0.020044016047038545,-1.0652199232778115,stop,False,2026-04-22 16:00:00+00:00,2026-04-23 00:00:00+00:00,"breakout|n=20,tp1_r=0,trail_atr=3.5,vol_mult=1.6",BTCUSDT
1,2330.39,2240.6153826828745,0.03852343054901771,-0.039947376909797036,trail,True,2026-04-20 20:00:00+00:00,2026-04-23 00:00:00+00:00,"pullback|adx_min=22,of_min=0.0,tp1_r=0,trail_atr=3.5",ETHUSDT
1,2330.23,2292.671719071736,0.016117842843094518,-0.07490208285020196,trail,True,2026-04-26 08:00:00+00:00,2026-04-27 04:00:00+00:00,"pullback|adx_min=22,of_min=0.0,tp1_r=0,trail_atr=3.5",ETHUSDT
1,0.10896,0.10660332129033703,0.021628842783250442,0.43924025906295716,trail,True,2026-05-02 16:00:00+00:00,2026-05-04 08:00:00+00:00,"pullback|adx_min=22,of_min=0.06,tp1_r=1.0,trail_atr=3.5",DOGEUSDT
1,80278.7,79181.49294319453,0.013667474147008639,-1.1016173693221194,stop,False,2026-05-04 04:00:00+00:00,2026-05-04 08:00:00+00:00,"breakout|n=20,tp1_r=0,trail_atr=3.5,vol_mult=1.6",BTCUSDT
1,2315.91,2271.8097860037874,0.019042283161354485,-0.08590986627696152,trail,True,2026-05-03 00:00:00+00:00,2026-05-04 08:00:00+00:00,"pullback|adx_min=22,of_min=0.0,tp1_r=0,trail_atr=3.5",ETHUSDT
1,0.11134,0.1070042551895429,0.03894148383740877,0.46583427190553933,trail,True,2026-05-05 04:00:00+00:00,2026-05-06 12:00:00+00:00,"pullback|adx_min=22,of_min=0.06,tp1_r=1.0,trail_atr=3.5",DOGEUSDT
1,81488.7,80151.98983106003,0.016403626133929875,-0.07601794809384982,trail,True,2026-05-05 16:00:00+00:00,2026-05-06 12:00:00+00:00,"breakout|n=20,tp1_r=0,trail_atr=3.5,vol_mult=1.6",BTCUSDT
1,2380.96,2299.61319091439,0.03416555048619462,-1.027366282742538,stop,False,2026-05-05 04:00:00+00:00,2026-05-07 12:00:00+00:00,"pullback|adx_min=22,of_min=0.0,tp1_r=0,trail_atr=3.5",ETHUSDT
1,10.676,10.337525247207935,0.031704266840770406,-1.045936624887935,stop,False,2026-05-11 20:00:00+00:00,2026-05-12 08:00:00+00:00,"pullback|adx_min=15,of_min=0.06,tp1_r=1.5,trail_atr=3.5",LINKUSDT
1,2331.14,2278.543414966435,0.022562602432099607,-1.0801634556005082,stop,False,2026-05-09 20:00:00+00:00,2026-05-12 08:00:00+00:00,"pullback|adx_min=22,of_min=0.0,tp1_r=0,trail_atr=3.5",ETHUSDT
1,1.4515,1.4120488963970492,0.027179540890768714,-1.0544885701832978,stop,False,2026-05-13 04:00:00+00:00,2026-05-13 12:00:00+00:00,"pullback|adx_min=15,of_min=0.06,tp1_r=1.0,trail_atr=2.5",XRPUSDT
1,664.13,643.4355929745093,0.03116017500412676,0.4503399445832549,trail,True,2026-05-11 00:00:00+00:00,2026-05-13 12:00:00+00:00,"pullback|adx_min=22,of_min=0.0,tp1_r=1.0,trail_atr=2.5",BNBUSDT
1,0.10184,0.09735960785240702,0.043994424072986836,-1.0483944033365866,stop,False,2026-05-08 12:00:00+00:00,2026-05-13 12:00:00+00:00,"pullback|adx_min=15,of_min=0.0,tp1_r=1.5,trail_atr=3.5",POLUSDT
1,10.467,10.040151606548186,0.04078039490320195,-1.03608238044434,stop,False,2026-05-13 04:00:00+00:00,2026-05-13 12:00:00+00:00,"pullback|adx_min=15,of_min=0.06,tp1_r=1.5,trail_atr=3.5",LINKUSDT
1,680.2,661.8454812327582,0.026984002892152116,-1.0557838362229526,stop,False,2026-05-14 16:00:00+00:00,2026-05-16 04:00:00+00:00,"pullback|adx_min=22,of_min=0.0,tp1_r=1.0,trail_atr=2.5",BNBUSDT
-1,1.227,1.2666099806116409,0.03228197278862329,-1.0376859676116443,stop,False,2026-05-19 12:00:00+00:00,2026-05-21 00:00:00+00:00,"pullback|adx_min=15,of_min=0.0,tp1_r=1.0,trail_atr=3.5",DOTUSDT
-1,1.247,1.29711408471962,0.04018771829961505,-1.0350109800292695,stop,False,2026-05-21 12:00:00+00:00,2026-05-21 16:00:00+00:00,"pullback|adx_min=15,of_min=0.0,tp1_r=1.0,trail_atr=3.5",DOTUSDT
-1,0.09005,0.09195317179511055,0.021134611827990472,-1.0836719520884492,stop,False,2026-05-19 12:00:00+00:00,2026-05-22 00:00:00+00:00,"pullback|adx_min=15,of_min=0.0,tp1_r=1.5,trail_atr=3.5",POLUSDT
-1,1.363,1.3907568367606462,0.020364517065771255,0.7350413273925537,trail,True,2026-05-21 12:00:00+00:00,2026-05-23 16:00:00+00:00,"pullback|adx_min=15,of_min=0.06,tp1_r=1.0,trail_atr=2.5",XRPUSDT
-1,0.08822,0.0928914378777744,0.0529521409858807,-1.0271489777735983,stop,False,2026-05-23 08:00:00+00:00,2026-05-25 12:00:00+00:00,"pullback|adx_min=15,of_min=0.0,tp1_r=1.5,trail_atr=3.5",POLUSDT
1,652.76,633.1113024742039,0.03010095215055478,0.5539334886910277,trail,True,2026-05-23 20:00:00+00:00,2026-05-26 00:00:00+00:00,"pullback|adx_min=22,of_min=0.0,tp1_r=1.0,trail_atr=2.5",BNBUSDT
1,662.81,653.9130724477269,0.013423043635842914,-1.105712527497554,stop,False,2026-05-26 12:00:00+00:00,2026-05-26 16:00:00+00:00,"pullback|adx_min=22,of_min=0.0,tp1_r=1.0,trail_atr=2.5",BNBUSDT
-1,1.3269,1.369050084614071,0.03176583360771045,0.6200131003310726,trail,True,2026-05-27 04:00:00+00:00,2026-05-28 12:00:00+00:00,"pullback|adx_min=15,of_min=0.06,tp1_r=1.0,trail_atr=2.5",XRPUSDT
-1,0.09171,0.09404953407963428,0.02551013062516929,0.7962871257310322,trail,True,2026-05-26 20:00:00+00:00,2026-05-30 00:00:00+00:00,"pullback|adx_min=15,of_min=0.0,tp1_r=1.5,trail_atr=3.5",POLUSDT
-1,1.257,1.3498737196211739,0.07388521847348765,2.09188158781632,time,True,2026-05-23 00:00:00+00:00,2026-06-07 00:00:00+00:00,"pullback|adx_min=15,of_min=0.0,tp1_r=1.0,trail_atr=3.5",DOTUSDT
-1,1.3257,1.3577877645562912,0.024204393570408947,3.4577192849499134,trail,True,2026-05-31 20:00:00+00:00,2026-06-07 04:00:00+00:00,"pullback|adx_min=15,of_min=0.06,tp1_r=1.0,trail_atr=2.5",XRPUSDT
-1,0.2279,0.23859479641058817,0.04692758407454226,5.761791293185232,trail,True,2026-06-02 04:00:00+00:00,2026-06-07 08:00:00+00:00,"pullback|adx_min=22,of_min=0.06,tp1_r=0,trail_atr=2.5",ADAUSDT
-1,9.091,9.337479906706943,0.02711251861257763,3.2729084790471625,trail,True,2026-05-31 16:00:00+00:00,2026-06-07 20:00:00+00:00,"pullback|adx_min=15,of_min=0.06,tp1_r=1.5,trail_atr=3.5",LINKUSDT
-1,2095.11,2157.6698208133457,0.029859921824317383,6.85535154920101,trail,True,2026-05-24 16:00:00+00:00,2026-06-07 20:00:00+00:00,"pullback|adx_min=22,of_min=0.0,tp1_r=0,trail_atr=3.5",ETHUSDT
-1,65818.3,67525.8488914224,0.02594337580007987,1.2835705503935513,trail,True,2026-06-03 04:00:00+00:00,2026-06-07 20:00:00+00:00,"breakout|n=20,tp1_r=0,trail_atr=3.5,vol_mult=1.6",BTCUSDT
-1,0.943,0.9887892692086668,0.0485570193092968,-1.0288279621242833,stop,False,2026-06-07 20:00:00+00:00,2026-06-07 20:00:00+00:00,"pullback|adx_min=15,of_min=0.0,tp1_r=1.0,trail_atr=3.5",DOTUSDT
-1,0.0869,0.09495591604985278,0.09270329171292026,1.1061231527083755,trail,True,2026-06-05 00:00:00+00:00,2026-06-07 20:00:00+00:00,"pullback|adx_min=15,of_min=0.0,tp1_r=1.5,trail_atr=3.5",POLUSDT
-1,81.83,83.64794903127981,0.022216168046924226,4.568734157046858,trail,True,2026-05-31 16:00:00+00:00,2026-06-07 20:00:00+00:00,"pullback|adx_min=22,of_min=0.0,tp1_r=1.5,trail_atr=3.5",SOLUSDT
-1,0.957,1.0028710499735194,0.04793213163377161,0.47487704498440914,trail,True,2026-06-09 04:00:00+00:00,2026-06-11 08:00:00+00:00,"pullback|adx_min=15,of_min=0.0,tp1_r=1.0,trail_atr=3.5",DOTUSDT
-1,0.1621,0.17246230790838601,0.06392540350639124,-1.0189187352150786,stop,False,2026-06-10 04:00:00+00:00,2026-06-12 04:00:00+00:00,"pullback|adx_min=22,of_min=0.06,tp1_r=0,trail_atr=2.5",ADAUSDT
-1,0.0839,0.087232177842723,0.03971606487154939,-1.0311159035873003,stop,False,2026-06-10 04:00:00+00:00,2026-06-12 04:00:00+00:00,"pullback|adx_min=22,of_min=0.06,tp1_r=1.0,trail_atr=3.5",DOGEUSDT
-1,65.97,68.6633937175794,0.040827553699854434,-1.0475783903652507,stop,False,2026-06-09 04:00:00+00:00,2026-06-12 12:00:00+00:00,"pullback|adx_min=22,of_min=0.0,tp1_r=1.5,trail_atr=3.5",SOLUSDT
-1,7.745,8.07454460259776,0.042549335390285284,-1.0252446841982508,stop,False,2026-06-10 04:00:00+00:00,2026-06-14 20:00:00+00:00,"pullback|adx_min=15,of_min=0.06,tp1_r=1.5,trail_atr=3.5",LINKUSDT
-1,1635.42,1725.1027675325618,0.05483775882193056,-1.0318562696343585,stop,False,2026-06-09 16:00:00+00:00,2026-06-14 20:00:00+00:00,"pullback|adx_min=22,of_min=0.0,tp1_r=0,trail_atr=3.5",ETHUSDT
-1,1662.05,1703.73487733221,0.025080399104846506,-1.056520483324345,stop,False,2026-06-14 16:00:00+00:00,2026-06-14 20:00:00+00:00,"pullback|adx_min=22,of_min=0.06,tp1_r=1.0,trail_atr=3.5",ETHUSDT
-1,1.1187,1.183585221558257,0.05800055560763112,-1.0328103820556327,stop,False,2026-06-10 04:00:00+00:00,2026-06-14 20:00:00+00:00,"pullback|adx_min=15,of_min=0.06,tp1_r=1.0,trail_atr=2.5",XRPUSDT
-1,0.07869,0.08212594478292949,0.0436643129105286,1.1408575896849968,trail,True,2026-06-08 20:00:00+00:00,2026-06-14 20:00:00+00:00,"pullback|adx_min=15,of_min=0.0,tp1_r=1.5,trail_atr=3.5",POLUSDT
-1,0.1697,0.17670995434292858,0.04130792187936704,-1.035782616942874,stop,False,2026-06-14 12:00:00+00:00,2026-06-14 20:00:00+00:00,"pullback|adx_min=22,of_min=0.06,tp1_r=0,trail_atr=2.5",ADAUSDT
-1,0.08625,0.08917876517495962,0.033956697680691365,-1.0395877626563454,stop,False,2026-06-14 16:00:00+00:00,2026-06-15 00:00:00+00:00,"pullback|adx_min=22,of_min=0.0,tp1_r=1.0,trail_atr=3.5",DOGEUSDT
-1,6.664,6.93801146654847,0.04111816724917015,-1.0502958389303247,stop,False,2026-06-09 04:00:00+00:00,2026-06-15 08:00:00+00:00,"pullback|adx_min=22,of_min=0.06,tp1_r=1.5,trail_atr=3.5",AVAXUSDT
-1,0.07659,0.07997280603858155,0.04416772474972637,-1.0321034740947033,stop,False,2026-06-16 20:00:00+00:00,2026-06-19 12:00:00+00:00,"pullback|adx_min=15,of_min=0.0,tp1_r=1.5,trail_atr=3.5",POLUSDT
-1,6.144,6.403590897469491,0.04225112263500829,0.4920899149886022,trail,True,2026-06-19 04:00:00+00:00,2026-06-20 04:00:00+00:00,"breakout|n=55,tp1_r=1.0,trail_atr=2.5,vol_mult=1.2",AVAXUSDT
-1,64774.6,67150.2593416497,0.036675785595738114,0.07915207439536735,trail,True,2026-06-17 12:00:00+00:00,2026-06-22 00:00:00+00:00,"pullback|adx_min=22,of_min=0.0,tp1_r=0,trail_atr=3.5",BTCUSDT
-1,1.1243,1.159095507939807,0.030948597295923697,-1.0457007470995605,stop,False,2026-06-22 00:00:00+00:00,2026-06-22 12:00:00+00:00,"pullback|adx_min=15,of_min=0.0,tp1_r=0,trail_atr=2.5",XRPUSDT
-1,0.1654,0.17777895461265653,0.07484253091086175,1.2701052853850223,trail,True,2026-06-17 20:00:00+00:00,2026-06-24 20:00:00+00:00,"pullback|adx_min=22,of_min=0.06,tp1_r=0,trail_atr=2.5",ADAUSDT
-1,67.28,70.83590701640658,0.05285236350188137,-1.0307658266672113,stop,False,2026-06-24 16:00:00+00:00,2026-06-26 04:00:00+00:00,"pullback|adx_min=22,of_min=0.06,tp1_r=0,trail_atr=3.5",SOLUSDT
-1,0.07735,0.08281388312840919,0.07063843734207095,0.9375982190346535,trail,True,2026-06-23 08:00:00+00:00,2026-06-26 08:00:00+00:00,"pullback|adx_min=15,of_min=0.0,tp1_r=1.5,trail_atr=3.5",POLUSDT
-1,44.0,46.08392926192997,0.04736202868022652,0.8790213343543517,trail,True,2026-06-18 12:00:00+00:00,2026-06-26 20:00:00+00:00,"pullback|adx_min=22,of_min=0.0,tp1_r=0,trail_atr=3.5",LTCUSDT
-1,1.1339,1.1677164388433665,0.02982312271220267,1.9493726804026794,trail,True,2026-06-22 20:00:00+00:00,2026-06-27 00:00:00+00:00,"pullback|adx_min=15,of_min=0.0,tp1_r=0,trail_atr=2.5",XRPUSDT
-1,1681.2,1787.0185275495705,0.06294226002234743,0.8307671659618533,trail,True,2026-06-18 16:00:00+00:00,2026-06-29 16:00:00+00:00,"pullback|adx_min=22,of_min=0.06,tp1_r=1.0,trail_atr=3.5",ETHUSDT
-1,8.032,8.460461827009881,0.0533443509723458,1.3835383287309528,trail,True,2026-06-17 20:00:00+00:00,2026-06-29 16:00:00+00:00,"pullback|adx_min=15,of_min=0.06,tp1_r=1.5,trail_atr=3.5",LINKUSDT
-1,0.1442,0.1496247925537135,0.03761992062214635,-1.035034469042968,stop,False,2026-06-30 04:00:00+00:00,2026-07-01 00:00:00+00:00,"pullback|adx_min=22,of_min=0.06,tp1_r=0,trail_atr=2.5",ADAUSDT
-1,1.0538,1.0820926243443736,0.02684819163444061,-0.07214713103862118,trail,True,2026-06-27 20:00:00+00:00,2026-07-01 04:00:00+00:00,"pullback|adx_min=15,of_min=0.0,tp1_r=0,trail_atr=2.5",XRPUSDT
-1,0.08743,0.0912727885111567,0.04395274518079264,2.557137539653887,time,True,2026-06-16 04:00:00+00:00,2026-07-01 04:00:00+00:00,"pullback|adx_min=22,of_min=0.0,tp1_r=1.0,trail_atr=3.5",DOGEUSDT
-1,0.07085,0.07280242030410565,0.027557096741081918,0.7070119288465245,trail,True,2026-06-27 20:00:00+00:00,2026-07-01 12:00:00+00:00,"pullback|adx_min=15,of_min=0.0,tp1_r=1.5,trail_atr=3.5",POLUSDT
-1,63990.1,65784.39253860709,0.028040158377734884,1.8220330394250612,trail,True,2026-06-23 00:00:00+00:00,2026-07-01 20:00:00+00:00,"pullback|adx_min=22,of_min=0.0,tp1_r=0,trail_atr=3.5",BTCUSDT
-1,42.28,43.53811899897107,0.029756835358823813,-1.033669231713314,stop,False,2026-06-29 12:00:00+00:00,2026-07-01 20:00:00+00:00,"pullback|adx_min=22,of_min=0.0,tp1_r=0,trail_atr=3.5",LTCUSDT
-1,1577.88,1644.3970901825603,0.04215598789677301,-1.0295032628478136,stop,False,2026-06-30 12:00:00+00:00,2026-07-01 20:00:00+00:00,"pullback|adx_min=22,of_min=0.06,tp1_r=1.0,trail_atr=3.5",ETHUSDT
-1,7.287,7.534963752433585,0.03402823554735627,-1.0325605999565037,stop,False,2026-06-30 04:00:00+00:00,2026-07-02 00:00:00+00:00,"pullback|adx_min=15,of_min=0.06,tp1_r=1.5,trail_atr=3.5",LINKUSDT
-1,0.07219,0.07431788749529093,0.029476208550920185,-1.0473698421414532,stop,False,2026-07-02 00:00:00+00:00,2026-07-02 08:00:00+00:00,"pullback|adx_min=22,of_min=0.0,tp1_r=1.0,trail_atr=3.5",DOGEUSDT
-1,0.906,0.9359260692509668,0.03303098151320833,1.5752648895782817,trail,True,2026-06-23 08:00:00+00:00,2026-07-02 12:00:00+00:00,"breakout|n=20,tp1_r=1.5,trail_atr=3.5,vol_mult=1.2",DOTUSDT
-1,0.832,0.8624273933752948,0.036571386268383264,-1.0309140583868235,stop,False,2026-07-08 04:00:00+00:00,2026-07-10 08:00:00+00:00,"breakout|n=20,tp1_r=1.5,trail_atr=3.5,vol_mult=1.2",DOTUSDT
-1,0.0751,0.07869419293739983,0.047858760817574356,0.5536427520054858,trail,True,2026-07-07 04:00:00+00:00,2026-07-11 04:00:00+00:00,"pullback|adx_min=22,of_min=0.0,tp1_r=1.0,trail_atr=3.5",DOGEUSDT
-1,0.1661,0.17062285022059806,0.027229682243215307,-1.0574667292696796,stop,False,2026-07-11 04:00:00+00:00,2026-07-11 12:00:00+00:00,"pullback|adx_min=22,of_min=0.06,tp1_r=0,trail_atr=2.5",ADAUSDT
-1,0.1656,0.17529392278320885,0.058538181058024476,0.25080759495315086,trail,True,2026-07-12 00:00:00+00:00,2026-07-14 12:00:00+00:00,"pullback|adx_min=22,of_min=0.06,tp1_r=0,trail_atr=2.5",ADAUSDT
-1,1.1031,1.121812249641114,0.016963330288381893,0.9022327687422872,trail,True,2026-07-10 16:00:00+00:00,2026-07-14 12:00:00+00:00,"pullback|adx_min=15,of_min=0.0,tp1_r=0,trail_atr=2.5",XRPUSDT
-1,0.7982,0.8178461951628728,0.02461312348142421,-1.0602706595754323,stop,False,2026-07-24 16:00:00+00:00,2026-07-25 08:00:00+00:00,"breakout|n=20,tp1_r=1.5,trail_atr=3.5,vol_mult=1.2",DOTUSDT
-1,0.07315,0.07584614317761129,0.036857733118404436,0.8430467354398965,trail,True,2026-07-12 00:00:00+00:00,2026-07-25 12:00:00+00:00,"pullback|adx_min=22,of_min=0.0,tp1_r=1.0,trail_atr=3.5",DOGEUSDT
1,8.823,8.49245635567305,0.037463860855372275,-1.0440967711197429,stop,False,2026-07-27 00:00:00+00:00,2026-07-27 20:00:00+00:00,"pullback|adx_min=15,of_min=0.06,tp1_r=1.5,trail_atr=3.5",LINKUSDT
-1,566.56,578.8272181627591,0.021652107742797147,-1.052160117104334,stop,False,2026-07-28 00:00:00+00:00,2026-07-30 08:00:00+00:00,"pullback|adx_min=22,of_min=0.0,tp1_r=1.0,trail_atr=3.5",BNBUSDT
-1,0.7584,0.7796913188246244,0.028073996340485796,-1.0400577738843886,stop,False,2026-07-28 00:00:00+00:00,2026-08-01 12:00:00+00:00,"breakout|n=20,tp1_r=1.5,trail_atr=3.5,vol_mult=1.2",DOTUSDT
-1,0.07544,0.0781683430285115,0.03616573473636674,1.1376705617733025,trail,True,2026-07-27 16:00:00+00:00,2026-08-03 04:00:00+00:00,"pullback|adx_min=15,of_min=0.0,tp1_r=1.5,trail_atr=3.5",POLUSDT
-1,0.07032,0.07383501669922048,0.04998601676934703,-0.511845755156441,time,False,2026-07-28 00:00:00+00:00,2026-08-12 00:00:00+00:00,"pullback|adx_min=22,of_min=0.0,tp1_r=1.0,trail_atr=3.5",DOGEUSDT
-1,6.357,6.573644387564258,0.03407965826085538,-1.0395973970881225,stop,False,2026-08-14 12:00:00+00:00,2026-08-15 00:00:00+00:00,"pullback|adx_min=15,of_min=0.06,tp1_r=1.0,trail_atr=2.5",AVAXUSDT
-1,0.07386,0.07588533438525269,0.027421261647071413,-1.0634596943623413,stop,False,2026-08-13 12:00:00+00:00,2026-08-15 08:00:00+00:00,"pullback|adx_min=15,of_min=0.0,tp1_r=1.5,trail_atr=3.5",POLUSDT
-1,0.06966,0.072520650246153,0.041065895006503116,-1.011560593685572,stop,False,2026-08-13 00:00:00+00:00,2026-08-19 12:00:00+00:00,"pullback|adx_min=22,of_min=0.0,tp1_r=1.0,trail_atr=2.5",DOGEUSDT
-1,6.328,6.7032287102153205,0.059296572410764886,-1.025112540913363,stop,False,2026-08-16 00:00:00+00:00,2026-08-19 12:00:00+00:00,"pullback|adx_min=15,of_min=0.06,tp1_r=1.0,trail_atr=2.5",AVAXUSDT
-1,1.0116,1.0467307406549038,0.03472789704913378,-1.032173832073781,stop,False,2026-08-11 00:00:00+00:00,2026-08-19 12:00:00+00:00,"pullback|adx_min=15,of_min=0.0,tp1_r=0,trail_atr=2.5",XRPUSDT
1,52.98,50.80487053972432,0.041055671201881416,-1.0407071905350334,stop,False,2026-08-24 12:00:00+00:00,2026-08-25 12:00:00+00:00,"pullback|adx_min=22,of_min=0.0,tp1_r=0,trail_atr=2.5",LTCUSDT
1,2433.28,2341.5131256047544,0.03771324072661011,-0.05477651774811255,trail,True,2026-08-23 12:00:00+00:00,2026-08-25 20:00:00+00:00,"pullback|adx_min=15,of_min=0.0,tp1_r=0,trail_atr=2.5",ETHUSDT
1,7.529,7.210591272329441,0.04229097193127363,-1.0492657469077318,stop,False,2026-08-23 12:00:00+00:00,2026-08-26 12:00:00+00:00,"pullback|adx_min=15,of_min=0.06,tp1_r=1.0,trail_atr=2.5",AVAXUSDT
1,78989.4,77311.85899885085,0.02123754581183232,0.43564846114094047,trail,True,2026-08-27 00:00:00+00:00,2026-08-28 08:00:00+00:00,"pullback|adx_min=22,of_min=0.0,tp1_r=1.0,trail_atr=3.5",BTCUSDT
1,2464.57,2400.3078008205694,0.026074406155812496,-0.06776645226131478,trail,True,2026-08-26 04:00:00+00:00,2026-08-28 12:00:00+00:00,"pullback|adx_min=15,of_min=0.0,tp1_r=0,trail_atr=2.5",ETHUSDT
1,102.04,94.11679084190132,0.0776480709339346,0.17053440871882905,trail,True,2026-08-27 00:00:00+00:00,2026-08-28 16:00:00+00:00,"pullback|adx_min=22,of_min=0.0,tp1_r=0,trail_atr=2.5",SOLUSDT
1,104.95,101.56788177530656,0.03222599547111427,-1.038702972086252,stop,False,2026-08-29 16:00:00+00:00,2026-08-30 20:00:00+00:00,"pullback|adx_min=22,of_min=0.0,tp1_r=0,trail_atr=2.5",SOLUSDT
1,2479.92,2423.908932562281,0.022585836413158186,-1.0631081306194354,stop,False,2026-08-30 16:00:00+00:00,2026-08-30 20:00:00+00:00,"pullback|adx_min=15,of_min=0.0,tp1_r=0,trail_atr=2.5",ETHUSDT
1,78791.2,77282.8785704713,0.01914327271990658,-1.0761196755861282,stop,False,2026-08-30 16:00:00+00:00,2026-08-30 20:00:00+00:00,"pullback|adx_min=22,of_min=0.0,tp1_r=1.0,trail_atr=3.5",BTCUSDT
1,0.08826,0.08304356362929614,0.05910306334357422,-1.0311871796719638,stop,False,2026-08-27 12:00:00+00:00,2026-08-30 20:00:00+00:00,"pullback|adx_min=22,of_min=0.0,tp1_r=1.0,trail_atr=2.5",DOGEUSDT
1,7.439,7.101036051675045,0.04543136823833241,-1.0405505736161993,stop,False,2026-08-27 00:00:00+00:00,2026-08-30 20:00:00+00:00,"pullback|adx_min=15,of_min=0.06,tp1_r=1.0,trail_atr=2.5",AVAXUSDT
1,78869.2,76734.43615207264,0.027067142153430732,-1.059271606562618,stop,False,2026-08-31 20:00:00+00:00,2026-09-01 16:00:00+00:00,"pullback|adx_min=22,of_min=0.0,tp1_r=1.0,trail_atr=3.5",BTCUSDT
1,2466.41,2374.9337505072704,0.03708882525319371,-1.044670808822129,stop,False,2026-08-31 16:00:00+00:00,2026-09-02 08:00:00+00:00,"pullback|adx_min=15,of_min=0.0,tp1_r=0,trail_atr=2.5",ETHUSDT
1,7.276,7.0059050739146995,0.03712134773025018,0.5002161626469472,trail,True,2026-09-03 04:00:00+00:00,2026-09-04 12:00:00+00:00,"pullback|adx_min=15,of_min=0.06,tp1_r=1.0,trail_atr=2.5",AVAXUSDT
1,49.84,47.88617466140222,0.03920195302162482,0.07702516365577691,trail,True,2026-09-01 16:00:00+00:00,2026-09-04 12:00:00+00:00,"pullback|adx_min=22,of_min=0.0,tp1_r=0,trail_atr=2.5",LTCUSDT
1,0.08772,0.08246620878686613,0.05989274068780072,0.6875698396514357,trail,True,2026-09-04 12:00:00+00:00,2026-09-05 20:00:00+00:00,"pullback|adx_min=22,of_min=0.0,tp1_r=1.0,trail_atr=2.5",DOGEUSDT
1,1.4038,1.3757817071768204,0.019958892166390924,-0.06784394588193489,trail,True,2026-09-05 08:00:00+00:00,2026-09-06 12:00:00+00:00,"pullback|adx_min=15,of_min=0.0,tp1_r=0,trail_atr=2.5",XRPUSDT
1,1.423,1.3905338678848842,0.022815272041543107,-1.0651585178061445,stop,False,2026-09-07 00:00:00+00:00,2026-09-07 04:00:00+00:00,"pullback|adx_min=15,of_min=0.0,tp1_r=0,trail_atr=2.5",XRPUSDT
1,50.74,49.598496153376495,0.022497119562938657,3.986956108699873,trail,True,2026-09-05 00:00:00+00:00,2026-09-07 16:00:00+00:00,"pullback|adx_min=22,of_min=0.0,tp1_r=0,trail_atr=2.5",LTCUSDT
1,79760.2,78405.77497457154,0.01698121400684121,-1.0954368250433864,stop,False,2026-09-05 16:00:00+00:00,2026-09-08 04:00:00+00:00,"pullback|adx_min=22,of_min=0.0,tp1_r=1.0,trail_atr=3.5",BTCUSDT
1,7.491,7.22788192076117,0.0351245600372219,1.086488570836686,trail,True,2026-09-05 08:00:00+00:00,2026-09-08 12:00:00+00:00,"pullback|adx_min=15,of_min=0.06,tp1_r=1.0,trail_atr=2.5",AVAXUSDT
1,0.8992,0.8348439686776171,0.07157031953111975,2.1841728040706876,trail,True,2026-09-05 00:00:00+00:00,2026-09-09 12:00:00+00:00,"pullback|adx_min=15,of_min=0.0,tp1_r=1.0,trail_atr=3.5",DOTUSDT
1,0.09088,0.08699786837035708,0.042717117403641265,-1.046477574763699,stop,False,2026-09-07 00:00:00+00:00,2026-09-09 16:00:00+00:00,"pullback|adx_min=22,of_min=0.0,tp1_r=1.0,trail_atr=2.5",DOGEUSDT
1,0.09919,0.0941694181783919,0.05061580624667907,-1.0243959155685356,stop,False,2026-09-09 08:00:00+00:00,2026-09-10 08:00:00+00:00,"pullback|adx_min=15,of_min=0.0,tp1_r=1.5,trail_atr=3.5",POLUSDT
1,105.13,98.73496433050093,0.060829788542747704,-1.0257940917699793,stop,False,2026-09-03 16:00:00+00:00,2026-09-10 12:00:00+00:00,"pullback|adx_min=22,of_min=0.0,tp1_r=0,trail_atr=2.5",SOLUSDT
1,1.4339,1.366151306965228,0.04724785064144776,-1.0292914171917256,stop,False,2026-09-08 16:00:00+00:00,2026-09-10 12:00:00+00:00,"pullback|adx_min=15,of_min=0.0,tp1_r=0,trail_atr=2.5",XRPUSDT
1,79246.0,77422.04849061032,0.02301632270890237,-1.0711003488611501,stop,False,2026-09-09 08:00:00+00:00,2026-09-10 12:00:00+00:00,"pullback|adx_min=22,of_min=0.0,tp1_r=1.0,trail_atr=3.5",BTCUSDT
1,2516.0,2390.910085328783,0.04971777212687471,0.2116979202924557,trail,True,2026-09-03 16:00:00+00:00,2026-09-11 16:00:00+00:00,"pullback|adx_min=15,of_min=0.0,tp1_r=0,trail_atr=2.5",ETHUSDT
1,54.05,53.2079727036605,0.015578673382784368,-0.09431162486682815,trail,True,2026-09-13 08:00:00+00:00,2026-09-13 20:00:00+00:00,"pullback|adx_min=22,of_min=0.0,tp1_r=0,trail_atr=2.5",LTCUSDT
1,2523.0,2422.406681968393,0.039870518442967476,-1.0397504396477057,stop,False,2026-09-12 08:00:00+00:00,2026-09-15 12:00:00+00:00,"pullback|adx_min=15,of_min=0.0,tp1_r=0,trail_atr=2.5",ETHUSDT
1,0.2311,0.22210018505917817,0.03894337923332684,-1.0352496280898478,stop,False,2026-09-19 04:00:00+00:00,2026-09-19 04:00:00+00:00,"breakout|n=20,tp1_r=1.0,trail_atr=2.5,vol_mult=1.2",ADAUSDT
1,54.7,52.14170705314642,0.04676952370847502,0.697078112218046,trail,True,2026-09-18 04:00:00+00:00,2026-09-20 00:00:00+00:00,"pullback|adx_min=22,of_min=0.0,tp1_r=0,trail_atr=2.5",LTCUSDT
1,0.08578,0.08390109693478519,0.021903742891289428,3.717828045766779,trail,True,2026-09-20 16:00:00+00:00,2026-09-22 08:00:00+00:00,"pullback|adx_min=22,of_min=0.0,tp1_r=1.0,trail_atr=2.5",DOGEUSDT
1,1.3902,1.3600455270699747,0.021690744446860435,5.26283344299013,trail,True,2026-09-20 16:00:00+00:00,2026-09-23 12:00:00+00:00,"pullback|adx_min=15,of_min=0.0,tp1_r=0,trail_atr=2.5",XRPUSDT
1,1.0241,0.9420244319821741,0.08014409532059945,0.9533699379513648,trail,True,2026-09-17 12:00:00+00:00,2026-09-23 12:00:00+00:00,"pullback|adx_min=15,of_min=0.0,tp1_r=1.0,trail_atr=3.5",DOTUSDT
1,0.10028,0.09454938338073088,0.057146156953222144,0.968107060605939,trail,True,2026-09-18 04:00:00+00:00,2026-09-23 12:00:00+00:00,"pullback|adx_min=15,of_min=0.0,tp1_r=1.5,trail_atr=3.5",POLUSDT
1,2611.68,2552.526713487564,0.022649515450758096,1.4030373315174038,trail,True,2026-09-20 16:00:00+00:00,2026-09-23 12:00:00+00:00,"pullback|adx_min=15,of_min=0.0,tp1_r=0,trail_atr=2.5",ETHUSDT
1,84468.0,83198.82034334571,0.015025567749375985,-1.092474515822082,stop,False,2026-09-24 08:00:00+00:00,2026-09-24 08:00:00+00:00,"pullback|adx_min=22,of_min=0.0,tp1_r=1.0,trail_atr=3.5",BTCUSDT
1,1.5939,1.4642874802193835,0.08131784916281862,-0.22056525631465507,open,False,2026-09-25 12:00:00+00:00,2026-09-25 20:00:00+00:00,"pullback|adx_min=15,of_min=0.0,tp1_r=0,trail_atr=2.5",XRPUSDT
1,1.1953,1.0870438303886318,0.09056820012663615,0.14387420186686972,open,False,2026-09-25 12:00:00+00:00,2026-09-25 20:00:00+00:00,"pullback|adx_min=15,of_min=0.0,tp1_r=1.0,trail_atr=3.5",DOTUSDT
1,116.26,111.80384634648543,0.03832920741024063,1.2668544121111118,open,True,2026-09-24 16:00:00+00:00,2026-09-25 20:00:00+00:00,"pullback|adx_min=22,of_min=0.0,tp1_r=0,trail_atr=2.5",SOLUSDT
1,0.0962,0.09018727575749239,0.06250233100319759,0.4249672466160462,open,False,2026-09-24 20:00:00+00:00,2026-09-25 20:00:00+00:00,"pullback|adx_min=22,of_min=0.0,tp1_r=1.0,trail_atr=2.5",DOGEUSDT
1,2716.0,2615.1262649903465,0.037140550445380525,-0.29281900583113457,open,False,2026-09-25 12:00:00+00:00,2026-09-25 20:00:00+00:00,"pullback|adx_min=15,of_min=0.0,tp1_r=0,trail_atr=2.5",ETHUSDT
